asset_age_days,assignment_count,repair_count,maintenance_count,damage_report_count,days_since_maintenance,warranty_active,condition_score,status_score,health_status
249,3,1,0,0,249,1,3,3,HEALTHY
116,1,0,0,0,116,1,4,3,HEALTHY
90,0,0,0,0,90,1,4,3,HEALTHY
463,7,1,2,0,240,0,3,3,HEALTHY
164,2,1,0,0,164,1,4,3,HEALTHY
61,0,0,0,0,61,1,4,3,HEALTHY
173,1,1,1,0,173,0,3,3,HEALTHY
17,3,0,0,0,17,1,4,3,HEALTHY
1009,14,4,6,1,147,0,1,3,REPLACE_SOON
293,1,0,1,0,28,1,4,3,HEALTHY
279,1,0,0,0,279,1,4,2,HEALTHY
1040,13,3,6,1,71,0,1,1,MAINTENANCE_REQUIRED
285,3,0,1,1,29,1,4,3,HEALTHY
182,2,1,0,0,182,1,4,3,HEALTHY
93,1,0,0,0,93,1,4,3,HEALTHY
244,4,0,0,0,244,0,3,3,HEALTHY
580,9,1,6,0,227,0,2,3,MAINTENANCE_REQUIRED
222,5,1,0,0,222,1,4,3,HEALTHY
19,1,0,0,0,19,1,4,3,HEALTHY
141,1,1,0,0,141,1,4,3,HEALTHY
960,17,5,8,0,21,0,1,1,MAINTENANCE_REQUIRED
27,0,1,0,0,27,1,4,3,HEALTHY
1246,17,7,10,3,44,0,1,1,REPLACE_SOON
845,20,5,8,0,62,1,2,3,MAINTENANCE_REQUIRED
406,2,1,2,0,24,0,3,3,HEALTHY
41,1,1,0,0,41,1,4,3,HEALTHY
378,4,0,4,0,79,0,3,3,HEALTHY
179,3,0,0,0,179,1,4,3,HEALTHY
22,0,0,0,0,22,1,4,3,HEALTHY
66,1,0,0,0,66,1,4,3,HEALTHY
493,7,0,1,1,49,1,4,3,HEALTHY
409,5,0,0,0,409,1,3,2,MAINTENANCE_REQUIRED
51,1,1,0,0,51,1,4,3,HEALTHY
510,13,2,4,0,225,1,3,3,HEALTHY
261,5,0,1,0,111,1,4,3,HEALTHY
794,13,2,5,0,10,0,2,3,MAINTENANCE_REQUIRED
58,0,1,0,0,58,1,4,3,HEALTHY
1486,28,5,7,0,12,0,1,1,MAINTENANCE_REQUIRED
77,3,0,0,0,77,1,4,3,HEALTHY
53,2,0,0,0,53,1,4,3,HEALTHY
508,8,3,3,1,76,0,2,3,MAINTENANCE_REQUIRED
592,10,3,4,1,63,0,2,3,MAINTENANCE_REQUIRED
282,6,0,2,0,282,1,4,2,HEALTHY
571,11,1,0,0,571,1,2,3,MAINTENANCE_REQUIRED
623,6,1,5,0,50,0,3,3,HEALTHY
1508,34,2,7,0,39,0,2,3,MAINTENANCE_REQUIRED
516,3,0,2,1,110,0,3,3,HEALTHY
35,0,0,0,0,35,1,4,3,HEALTHY
79,0,0,0,0,79,1,4,3,HEALTHY
818,19,3,4,0,96,0,2,3,MAINTENANCE_REQUIRED
245,2,1,2,0,59,1,4,3,HEALTHY
171,0,0,0,0,171,1,4,3,HEALTHY
78,2,0,0,0,78,1,4,3,HEALTHY
699,6,0,6,0,28,1,4,3,HEALTHY
102,0,0,0,0,102,0,4,3,HEALTHY
279,5,0,0,0,279,0,3,3,HEALTHY
421,6,0,0,0,421,1,3,3,HEALTHY
343,2,1,0,0,343,1,3,2,HEALTHY
845,16,4,7,1,6,0,1,1,MAINTENANCE_REQUIRED
937,19,5,6,1,47,0,1,1,REPLACE_SOON
325,8,2,3,0,76,1,3,3,HEALTHY
97,0,1,0,0,97,1,4,3,HEALTHY
436,8,1,2,0,78,1,4,3,HEALTHY
115,1,0,0,0,115,1,4,3,HEALTHY
98,1,0,0,0,98,1,4,3,HEALTHY
611,12,5,7,1,253,1,1,1,MAINTENANCE_REQUIRED
1034,18,3,3,0,77,0,2,3,MAINTENANCE_REQUIRED
228,2,0,0,0,228,1,4,3,HEALTHY
286,3,1,1,0,53,1,4,3,HEALTHY
49,0,1,0,0,49,1,4,3,HEALTHY
120,2,1,0,0,120,1,4,3,HEALTHY
271,4,0,0,0,271,1,4,3,HEALTHY
27,2,0,0,0,27,1,4,3,HEALTHY
113,0,0,0,0,113,1,4,3,HEALTHY
655,14,0,4,0,2,0,3,3,HEALTHY
288,4,0,0,0,288,0,3,2,HEALTHY
416,9,0,2,0,180,1,4,3,HEALTHY
109,0,1,0,0,109,1,4,3,HEALTHY
444,4,1,1,0,91,0,3,3,HEALTHY
1244,18,3,4,0,34,0,2,3,MAINTENANCE_REQUIRED
234,5,0,0,0,234,1,4,3,HEALTHY
357,3,0,3,0,160,1,4,3,HEALTHY
608,11,2,2,0,20,0,3,3,MAINTENANCE_REQUIRED
673,13,2,6,1,83,1,2,3,MAINTENANCE_REQUIRED
1250,23,10,11,1,129,0,1,1,REPLACE_SOON
402,5,1,1,0,279,1,3,3,HEALTHY
816,11,8,9,0,33,1,1,3,MAINTENANCE_REQUIRED
36,2,0,0,0,36,1,4,3,HEALTHY
1512,17,8,10,1,286,0,1,2,REPLACE_SOON
374,4,1,0,0,374,0,2,2,MAINTENANCE_REQUIRED
1328,17,5,9,0,13,0,1,1,MAINTENANCE_REQUIRED
547,6,1,2,0,65,1,4,3,HEALTHY
463,15,1,2,0,40,1,4,3,HEALTHY
866,14,5,8,0,329,1,1,3,MAINTENANCE_REQUIRED
224,4,1,0,0,224,1,4,3,HEALTHY
499,7,1,4,1,60,0,2,3,MAINTENANCE_REQUIRED
104,1,0,0,0,104,1,4,3,HEALTHY
1521,24,7,9,0,413,0,1,2,REPLACE_SOON
278,2,1,1,0,278,1,3,3,HEALTHY
764,13,0,5,0,56,0,3,3,HEALTHY
126,0,0,0,0,126,1,4,3,HEALTHY
318,4,1,3,0,27,1,4,3,HEALTHY
2173,36,15,16,2,43,0,1,3,REPLACE_SOON
434,6,0,1,0,204,1,4,3,HEALTHY
641,8,1,4,0,131,1,3,3,HEALTHY
1042,13,9,10,0,62,0,1,1,REPLACE_SOON
1028,20,4,6,0,206,0,1,1,MAINTENANCE_REQUIRED
177,2,1,2,0,19,0,3,3,HEALTHY
150,2,1,0,0,150,1,4,3,HEALTHY
464,9,0,1,0,176,0,3,3,HEALTHY
296,3,1,0,0,296,1,3,3,HEALTHY
834,18,1,2,1,13,0,2,3,MAINTENANCE_REQUIRED
315,2,2,3,0,202,1,3,3,HEALTHY
350,1,1,2,1,111,1,3,3,HEALTHY
308,9,1,3,0,105,1,4,3,HEALTHY
2500,49,10,17,2,164,0,1,1,REPLACE_SOON
733,11,0,2,0,50,0,3,3,HEALTHY
312,2,1,3,0,73,1,4,3,HEALTHY
341,7,0,2,0,104,1,4,3,HEALTHY
1323,31,5,7,1,53,0,1,1,REPLACE_SOON
79,1,0,0,0,79,1,4,3,HEALTHY
163,3,1,2,0,25,0,3,3,HEALTHY
134,3,0,0,0,134,1,4,3,HEALTHY
290,3,1,0,0,290,1,3,3,HEALTHY
137,0,0,0,0,137,1,4,3,HEALTHY
262,5,0,3,0,86,1,4,3,HEALTHY
175,0,0,1,0,43,1,4,3,HEALTHY
50,0,0,0,0,50,1,4,3,HEALTHY
541,11,1,3,0,42,1,4,3,HEALTHY
1324,21,9,12,0,44,0,1,1,REPLACE_SOON
60,1,0,0,0,60,1,4,3,HEALTHY
1274,17,8,9,1,371,0,1,2,REPLACE_SOON
527,9,0,1,0,329,1,3,2,HEALTHY
298,3,0,0,0,298,1,4,2,HEALTHY
97,1,0,0,1,97,0,3,3,HEALTHY
79,0,0,0,0,79,1,4,3,HEALTHY
371,8,0,1,0,132,1,4,3,HEALTHY
24,1,0,0,0,24,1,4,3,HEALTHY
21,3,0,0,0,21,1,4,3,HEALTHY
66,0,0,0,0,66,1,4,3,HEALTHY
338,9,1,1,0,101,1,4,3,HEALTHY
521,6,0,2,0,313,1,3,2,HEALTHY
683,9,0,3,0,144,0,3,3,MAINTENANCE_REQUIRED
504,6,3,7,0,41,0,2,3,MAINTENANCE_REQUIRED
1331,20,4,8,3,140,0,1,3,REPLACE_SOON
666,13,0,4,0,170,1,4,3,HEALTHY
135,4,0,0,0,135,1,4,3,HEALTHY
520,3,2,3,0,80,0,2,3,MAINTENANCE_REQUIRED
675,7,1,2,0,136,1,3,3,HEALTHY
95,2,0,0,0,95,0,4,3,HEALTHY
1101,17,1,3,0,88,0,2,3,MAINTENANCE_REQUIRED
48,1,0,0,0,48,1,4,3,HEALTHY
832,17,1,1,1,155,0,2,3,MAINTENANCE_REQUIRED
94,1,0,0,0,94,1,4,3,HEALTHY
680,17,2,4,0,84,1,3,3,HEALTHY
239,0,1,0,0,239,1,3,3,HEALTHY
379,9,1,0,0,379,0,2,2,MAINTENANCE_REQUIRED
740,13,1,4,0,28,0,3,3,HEALTHY
1198,16,4,4,1,76,0,1,3,MAINTENANCE_REQUIRED
1165,16,8,9,0,28,0,1,3,REPLACE_SOON
965,16,4,5,0,18,0,2,3,MAINTENANCE_REQUIRED
280,2,1,2,0,29,1,4,3,HEALTHY
104,2,1,0,0,104,1,4,3,HEALTHY
315,2,0,3,0,172,1,4,3,HEALTHY
254,5,2,2,0,17,1,4,3,HEALTHY
205,3,0,0,0,205,1,4,3,HEALTHY
546,13,0,1,0,127,0,3,3,HEALTHY
991,16,5,8,1,27,1,2,3,MAINTENANCE_REQUIRED
91,1,0,0,0,91,0,4,3,HEALTHY
333,5,1,2,0,102,1,4,3,HEALTHY
607,8,0,1,1,145,1,3,3,HEALTHY
165,2,1,1,0,47,1,4,3,HEALTHY
1896,30,8,10,3,329,0,1,1,REPLACE_SOON
899,19,3,4,0,91,0,2,3,MAINTENANCE_REQUIRED
191,1,2,3,0,8,0,3,3,HEALTHY
32,3,1,0,0,32,1,4,3,HEALTHY
76,4,0,0,0,76,1,4,3,HEALTHY
758,17,1,6,0,105,0,3,3,HEALTHY
1518,29,9,11,1,4,0,1,3,REPLACE_SOON
1794,29,10,12,1,0,0,1,3,REPLACE_SOON
138,0,0,0,0,138,1,4,3,HEALTHY
188,1,0,1,0,188,1,4,3,HEALTHY
355,4,2,4,1,0,1,3,3,HEALTHY
163,2,0,1,0,54,1,4,3,HEALTHY
710,5,2,5,1,206,0,2,3,MAINTENANCE_REQUIRED
1178,19,2,3,0,13,0,2,3,MAINTENANCE_REQUIRED
423,14,1,2,0,116,0,3,3,HEALTHY
296,3,0,2,0,37,1,4,3,HEALTHY
580,7,0,3,0,17,1,4,3,HEALTHY
1166,29,7,10,1,179,0,1,1,REPLACE_SOON
305,2,1,1,0,42,1,4,3,HEALTHY
308,8,0,0,0,308,1,4,3,HEALTHY
144,4,1,0,0,144,1,4,3,HEALTHY
1063,12,6,9,1,394,1,1,2,REPLACE_SOON
276,4,1,2,0,214,1,3,3,HEALTHY
507,6,2,3,0,507,1,2,3,HEALTHY
579,8,1,3,0,52,1,4,3,HEALTHY
229,4,0,0,0,229,1,4,3,HEALTHY
806,5,1,4,0,236,0,2,3,MAINTENANCE_REQUIRED
143,4,1,0,0,143,1,4,3,HEALTHY
313,4,2,4,0,68,1,3,3,HEALTHY
511,2,0,1,0,6,0,3,3,HEALTHY
929,12,3,5,1,240,0,1,1,REPLACE_SOON
61,1,0,0,0,61,1,4,3,HEALTHY
17,3,1,0,0,17,1,4,3,HEALTHY
776,20,0,4,0,53,0,3,3,HEALTHY
878,10,4,6,1,103,1,2,3,MAINTENANCE_REQUIRED
126,1,0,0,0,126,1,4,3,HEALTHY
377,3,0,0,0,377,0,3,3,HEALTHY
393,3,1,3,1,1,1,3,3,HEALTHY
750,7,1,1,0,42,1,4,3,HEALTHY
1843,35,9,11,0,25,0,1,3,REPLACE_SOON
156,2,1,6,0,21,1,4,3,HEALTHY
775,8,2,6,1,6,0,2,3,MAINTENANCE_REQUIRED
94,1,0,0,0,94,1,4,3,HEALTHY
362,5,0,0,0,362,1,3,2,HEALTHY
132,5,0,0,0,132,1,4,3,HEALTHY
165,1,1,2,0,165,0,3,3,HEALTHY
1626,21,8,12,1,83,0,1,3,REPLACE_SOON
21,0,1,0,0,21,1,4,3,HEALTHY
518,5,0,2,0,251,0,3,2,HEALTHY
264,7,0,1,0,10,1,4,3,HEALTHY
367,1,2,2,0,57,0,3,3,HEALTHY
726,10,2,6,0,40,0,2,3,MAINTENANCE_REQUIRED
980,9,5,9,0,33,0,1,3,MAINTENANCE_REQUIRED
83,0,0,0,0,83,1,4,3,HEALTHY
43,0,0,0,0,43,1,4,3,HEALTHY
692,10,2,4,2,49,1,2,3,HEALTHY
461,7,1,2,0,10,1,4,3,HEALTHY
245,9,0,0,0,245,1,4,3,HEALTHY
1935,35,10,12,3,182,0,1,3,REPLACE_SOON
148,3,0,0,0,148,1,4,3,HEALTHY
1007,20,3,4,1,159,0,1,1,MAINTENANCE_REQUIRED
439,3,0,2,0,40,1,4,3,HEALTHY
674,5,1,4,1,111,1,3,3,HEALTHY
285,2,1,2,0,285,1,3,3,HEALTHY
75,2,0,0,0,75,1,4,3,HEALTHY
344,5,1,2,0,104,1,4,3,HEALTHY
170,3,0,1,0,170,1,4,3,HEALTHY
128,3,0,0,0,128,1,4,3,HEALTHY
314,5,0,0,0,314,0,3,3,HEALTHY
299,2,0,1,0,125,1,4,3,HEALTHY
62,2,0,0,0,62,1,4,3,HEALTHY
47,2,0,0,0,47,1,4,3,HEALTHY
926,15,5,7,0,45,1,2,3,MAINTENANCE_REQUIRED
789,14,2,5,0,58,0,2,3,MAINTENANCE_REQUIRED
26,1,0,0,0,26,0,4,3,HEALTHY
278,2,0,0,0,278,1,4,3,HEALTHY
1082,20,3,6,1,245,1,2,3,MAINTENANCE_REQUIRED
233,3,0,1,0,112,1,4,3,HEALTHY
924,18,5,5,0,0,1,2,3,MAINTENANCE_REQUIRED
376,1,0,2,0,25,0,4,3,HEALTHY
381,3,1,2,0,56,1,4,3,HEALTHY
620,10,1,5,0,117,0,3,3,HEALTHY
130,2,0,0,0,130,1,4,3,HEALTHY
510,7,2,3,1,7,1,3,3,HEALTHY
260,2,0,1,1,104,1,4,3,HEALTHY
829,11,2,3,0,106,0,2,3,MAINTENANCE_REQUIRED
631,7,1,1,0,79,0,3,3,MAINTENANCE_REQUIRED
711,11,2,4,0,238,1,3,3,HEALTHY
725,13,0,3,0,27,1,4,3,HEALTHY
1207,15,9,11,1,90,0,1,3,REPLACE_SOON
168,3,0,0,0,168,1,4,3,HEALTHY
165,2,0,0,0,165,1,4,3,HEALTHY
1155,17,1,6,0,137,0,2,3,MAINTENANCE_REQUIRED
2500,25,8,11,2,106,0,1,3,REPLACE_SOON
146,3,1,0,0,146,1,4,3,HEALTHY
1014,19,2,8,1,163,0,2,3,MAINTENANCE_REQUIRED
642,12,2,5,0,16,1,3,3,HEALTHY
113,1,1,0,0,113,1,4,3,HEALTHY
24,2,1,0,0,24,1,4,3,HEALTHY
271,5,0,0,0,271,1,4,3,HEALTHY
59,3,1,0,0,59,1,4,3,HEALTHY
183,1,2,3,0,40,1,4,3,HEALTHY
49,3,0,0,0,49,1,4,3,HEALTHY
331,2,2,4,0,35,0,3,3,HEALTHY
147,1,0,0,0,147,1,4,3,HEALTHY
94,1,0,0,0,94,1,4,3,HEALTHY
195,3,0,0,0,195,1,4,3,HEALTHY
322,4,1,4,0,322,1,3,3,HEALTHY
1116,14,8,10,1,83,0,1,1,REPLACE_SOON
532,7,2,2,1,15,0,2,3,MAINTENANCE_REQUIRED
249,2,1,2,0,24,1,4,3,HEALTHY
167,4,0,1,0,167,1,4,3,HEALTHY
35,0,0,0,0,35,1,4,3,HEALTHY
729,12,1,6,0,71,0,3,3,HEALTHY
492,4,1,3,0,5,1,4,3,HEALTHY
483,8,0,3,0,74,0,3,3,HEALTHY
761,10,2,11,1,125,0,2,3,MAINTENANCE_REQUIRED
2323,35,11,14,3,263,0,1,2,REPLACE_SOON
46,0,0,0,0,46,1,4,3,HEALTHY
363,9,0,2,0,225,1,4,3,HEALTHY
1214,23,6,7,1,90,0,1,3,REPLACE_SOON
76,1,1,0,0,76,1,4,3,HEALTHY
1355,23,4,6,0,12,0,1,3,MAINTENANCE_REQUIRED
686,13,0,1,0,278,0,3,2,HEALTHY
868,13,1,1,0,25,1,3,3,HEALTHY
445,8,1,3,0,173,0,3,3,MAINTENANCE_REQUIRED
257,5,0,0,0,257,1,4,2,HEALTHY
1787,33,7,10,2,43,0,1,3,REPLACE_SOON
414,6,1,3,0,17,1,4,3,HEALTHY
1072,13,9,15,2,47,0,1,1,REPLACE_SOON
1247,25,5,5,2,130,0,1,1,REPLACE_SOON
833,12,2,3,0,12,1,3,3,HEALTHY
1409,25,6,8,0,1,0,1,3,REPLACE_SOON
103,0,1,0,1,103,1,3,3,HEALTHY
146,2,0,0,0,146,1,4,3,HEALTHY
452,7,0,4,0,178,0,3,3,HEALTHY
834,10,4,5,1,67,0,1,1,MAINTENANCE_REQUIRED
265,4,0,0,0,265,1,4,2,HEALTHY
277,1,0,1,0,30,1,4,3,HEALTHY
279,6,0,0,0,279,1,4,2,HEALTHY
57,0,1,0,0,57,1,4,3,HEALTHY
446,8,2,5,0,220,0,2,3,MAINTENANCE_REQUIRED
2426,34,11,13,2,187,0,1,1,REPLACE_SOON
465,8,0,2,0,189,1,4,3,HEALTHY
38,0,0,0,0,38,1,4,3,HEALTHY
21,0,0,0,0,21,0,4,3,HEALTHY
292,4,1,2,0,9,1,4,3,HEALTHY
1261,15,7,9,0,108,0,1,3,REPLACE_SOON
517,6,0,3,0,130,1,4,3,HEALTHY
15,0,0,0,0,15,1,4,3,HEALTHY
403,7,0,1,0,19,1,4,3,HEALTHY
394,9,0,1,0,120,1,4,3,HEALTHY
715,11,0,2,0,95,1,4,3,HEALTHY
82,0,0,0,0,82,1,4,3,HEALTHY
404,3,0,2,0,116,0,3,3,HEALTHY
490,11,1,1,0,40,1,4,3,HEALTHY
577,9,1,2,1,43,0,2,3,MAINTENANCE_REQUIRED
1088,16,5,8,1,41,0,1,1,MAINTENANCE_REQUIRED
82,0,1,0,0,82,1,4,3,HEALTHY
467,8,0,1,0,8,1,4,3,HEALTHY
1418,24,6,10,0,51,0,1,1,REPLACE_SOON
1388,23,4,6,1,5,0,1,1,REPLACE_SOON
472,6,1,6,1,92,1,3,3,HEALTHY
438,6,0,1,0,48,0,3,3,HEALTHY
41,1,0,0,0,41,1,4,3,HEALTHY
47,1,1,0,0,47,1,4,3,HEALTHY
1621,19,5,7,0,291,0,1,1,REPLACE_SOON
55,0,0,0,0,55,1,4,3,HEALTHY
156,3,0,1,0,110,0,3,3,HEALTHY
351,2,1,0,0,351,1,3,3,MAINTENANCE_REQUIRED
667,10,1,1,0,79,0,3,3,MAINTENANCE_REQUIRED
52,0,1,0,1,52,0,3,3,HEALTHY
1051,13,7,11,0,53,1,1,3,MAINTENANCE_REQUIRED
381,4,2,5,0,54,1,3,3,HEALTHY
236,2,0,1,0,2,1,4,3,HEALTHY
429,9,1,2,0,132,0,3,3,HEALTHY
27,1,0,0,0,27,0,4,3,HEALTHY
276,2,2,3,0,138,0,3,3,MAINTENANCE_REQUIRED
1236,15,6,7,0,72,0,1,1,MAINTENANCE_REQUIRED
270,0,2,2,0,16,1,4,3,HEALTHY
1101,19,7,9,0,195,0,1,1,REPLACE_SOON
151,2,1,0,0,151,1,4,3,HEALTHY
1378,26,7,11,0,51,0,1,1,REPLACE_SOON
779,11,2,6,0,28,0,2,3,MAINTENANCE_REQUIRED
205,5,1,3,0,71,1,4,3,HEALTHY
825,11,5,9,0,5,1,2,3,MAINTENANCE_REQUIRED
646,14,1,3,0,92,1,3,3,HEALTHY
899,16,2,6,0,99,0,2,3,MAINTENANCE_REQUIRED
172,3,0,0,0,172,1,4,3,HEALTHY
235,5,0,1,0,90,1,4,3,HEALTHY
283,5,1,0,0,283,1,3,3,HEALTHY
2500,52,6,8,1,246,0,1,1,REPLACE_SOON
943,11,3,4,0,46,0,2,3,MAINTENANCE_REQUIRED
73,1,0,0,0,73,1,4,3,HEALTHY
34,1,0,0,0,34,1,4,3,HEALTHY
1020,21,10,10,1,170,0,1,1,REPLACE_SOON
220,0,0,0,0,220,1,4,3,HEALTHY
285,4,0,1,0,38,1,4,3,HEALTHY
104,0,0,0,0,104,1,4,3,HEALTHY
408,5,1,6,0,47,0,3,3,HEALTHY
264,3,1,2,0,79,1,4,3,HEALTHY
281,4,0,0,1,281,1,3,3,HEALTHY
735,15,2,2,2,165,0,1,1,MAINTENANCE_REQUIRED
203,2,0,1,0,27,1,4,3,HEALTHY
193,4,0,2,0,41,1,4,3,HEALTHY
43,0,0,0,0,43,1,4,3,HEALTHY
94,0,1,0,0,94,1,4,3,HEALTHY
198,2,1,2,0,21,1,4,3,HEALTHY
105,0,0,0,0,105,1,4,3,HEALTHY
684,16,1,5,1,67,0,2,3,MAINTENANCE_REQUIRED
231,5,1,0,1,231,1,3,3,HEALTHY
947,17,4,7,0,24,0,2,3,MAINTENANCE_REQUIRED
1724,41,8,11,1,59,0,1,3,REPLACE_SOON
15,1,0,0,0,15,0,4,3,HEALTHY
414,8,0,1,0,90,0,3,3,HEALTHY
978,21,6,7,0,4,0,1,3,MAINTENANCE_REQUIRED
209,7,1,0,0,209,1,4,3,HEALTHY
430,11,1,2,0,163,1,3,3,HEALTHY
117,1,0,0,0,117,1,4,3,HEALTHY
1365,22,3,5,1,8,0,1,1,MAINTENANCE_REQUIRED
1811,32,11,12,0,181,0,1,1,REPLACE_SOON
366,3,1,0,0,366,1,3,2,HEALTHY
38,1,0,0,0,38,1,4,3,HEALTHY
438,5,1,4,0,65,0,3,3,HEALTHY
723,5,2,6,0,1,0,2,3,MAINTENANCE_REQUIRED
477,11,1,3,0,20,0,3,3,HEALTHY
721,9,0,1,0,417,1,3,3,HEALTHY
128,2,0,0,0,128,1,4,3,HEALTHY
863,8,4,8,0,40,0,2,3,MAINTENANCE_REQUIRED
1340,13,9,12,1,93,0,1,1,REPLACE_SOON
309,2,0,1,0,5,1,4,3,HEALTHY
97,1,1,0,0,97,1,4,3,HEALTHY
366,6,1,5,0,340,0,2,2,MAINTENANCE_REQUIRED
1008,15,4,6,1,21,0,1,1,MAINTENANCE_REQUIRED
84,2,0,0,0,84,1,4,3,HEALTHY
2231,36,6,8,0,4,0,1,1,REPLACE_SOON
26,0,0,0,0,26,1,4,3,HEALTHY
780,12,2,9,1,86,0,2,3,MAINTENANCE_REQUIRED
181,2,0,1,0,71,1,4,3,HEALTHY
60,2,0,0,0,60,1,4,3,HEALTHY
18,1,0,0,0,18,1,4,3,HEALTHY
163,4,0,1,1,68,0,3,3,HEALTHY
477,9,2,5,0,25,0,3,3,HEALTHY
19,1,1,0,0,19,1,4,3,HEALTHY
1010,17,5,6,2,42,0,1,3,MAINTENANCE_REQUIRED
388,3,1,2,0,21,1,4,3,HEALTHY
200,4,0,2,0,6,1,4,3,HEALTHY
133,0,1,0,0,133,1,4,3,HEALTHY
137,1,0,0,0,137,0,3,3,HEALTHY
82,0,0,0,0,82,1,4,3,HEALTHY
623,9,1,4,0,70,0,3,3,HEALTHY
946,17,2,2,0,118,0,2,3,MAINTENANCE_REQUIRED
741,16,3,8,0,32,0,2,3,MAINTENANCE_REQUIRED
447,6,0,1,0,62,1,4,3,HEALTHY
86,2,1,0,0,86,1,4,3,HEALTHY
531,6,1,3,0,17,1,4,3,HEALTHY
70,2,0,0,0,70,1,4,3,HEALTHY
506,3,2,4,0,133,0,2,3,MAINTENANCE_REQUIRED
175,2,1,0,0,175,1,4,3,HEALTHY
920,28,6,8,2,5,1,1,3,MAINTENANCE_REQUIRED
293,4,0,1,0,114,1,4,3,HEALTHY
171,0,0,1,0,171,0,3,3,HEALTHY
313,4,0,3,0,242,1,4,3,HEALTHY
39,1,0,0,0,39,1,4,3,HEALTHY
721,8,0,1,0,1,1,4,3,HEALTHY
871,12,1,2,0,135,0,2,3,MAINTENANCE_REQUIRED
577,8,3,6,1,102,0,2,3,MAINTENANCE_REQUIRED
31,0,1,0,0,31,1,4,3,HEALTHY
149,2,1,0,0,149,1,4,3,HEALTHY
100,2,0,0,0,100,1,4,3,HEALTHY
2085,30,7,14,2,106,0,1,1,REPLACE_SOON
1471,21,5,6,1,10,0,1,1,REPLACE_SOON
106,1,0,0,0,106,1,4,3,HEALTHY
510,12,1,4,0,57,0,3,3,HEALTHY
200,5,0,0,0,200,1,4,3,HEALTHY
163,0,0,1,0,26,1,4,3,HEALTHY
543,7,4,6,1,35,1,2,3,MAINTENANCE_REQUIRED
861,8,7,7,0,86,0,1,1,MAINTENANCE_REQUIRED
1335,27,1,7,0,169,0,2,3,MAINTENANCE_REQUIRED
467,5,1,0,0,467,1,3,2,HEALTHY
133,2,1,0,0,133,1,4,3,HEALTHY
733,13,0,1,0,58,0,3,3,HEALTHY
673,14,1,4,1,59,0,2,3,MAINTENANCE_REQUIRED
507,12,1,6,0,97,0,3,3,HEALTHY
311,5,1,1,0,33,1,4,3,HEALTHY
1703,30,8,13,2,40,0,1,3,REPLACE_SOON
157,3,0,0,0,157,1,4,3,HEALTHY
18,1,0,0,0,18,1,4,3,HEALTHY
493,12,4,6,0,16,0,2,3,MAINTENANCE_REQUIRED
533,3,1,4,0,69,0,3,3,HEALTHY
52,2,0,0,0,52,1,4,3,HEALTHY
489,11,0,2,0,193,0,3,3,HEALTHY
67,0,1,0,0,67,1,4,3,HEALTHY
502,9,1,2,0,70,0,3,3,HEALTHY
857,14,5,8,0,157,1,2,3,MAINTENANCE_REQUIRED
71,1,0,0,0,71,1,4,3,HEALTHY
198,3,0,2,0,61,1,4,3,HEALTHY
632,9,2,4,0,207,0,2,3,MAINTENANCE_REQUIRED
232,2,0,0,0,232,1,4,3,HEALTHY
1298,18,0,6,1,71,0,2,3,MAINTENANCE_REQUIRED
193,3,0,0,0,193,1,4,3,HEALTHY
522,8,0,3,0,3,1,4,3,HEALTHY
695,7,0,2,0,67,1,4,3,HEALTHY
43,0,0,0,0,43,1,4,3,HEALTHY
920,15,4,4,1,162,0,1,1,MAINTENANCE_REQUIRED
87,2,1,0,0,87,1,4,3,HEALTHY
99,1,0,0,0,99,1,4,3,HEALTHY
540,6,1,4,0,16,0,3,3,HEALTHY
815,9,3,4,0,242,0,2,3,MAINTENANCE_REQUIRED
252,6,0,2,0,127,1,4,3,HEALTHY
60,0,0,0,0,60,1,4,3,HEALTHY
498,9,1,4,0,105,1,4,3,HEALTHY
162,3,1,2,0,56,1,4,3,HEALTHY
92,1,1,0,0,92,1,4,3,HEALTHY
230,4,0,1,0,45,1,4,3,HEALTHY
239,3,0,2,0,71,1,4,3,HEALTHY
409,5,1,0,0,409,0,2,2,MAINTENANCE_REQUIRED
697,7,0,5,0,391,0,2,2,MAINTENANCE_REQUIRED
468,2,2,7,0,63,1,3,3,HEALTHY
235,6,1,0,0,235,0,3,3,HEALTHY
1733,30,8,11,1,83,0,1,1,REPLACE_SOON
708,11,3,6,0,37,1,3,3,HEALTHY
373,4,1,3,1,6,1,3,3,HEALTHY
100,1,0,0,0,100,1,4,3,HEALTHY
1432,23,4,6,0,90,0,1,1,REPLACE_SOON
346,8,0,0,0,346,1,3,3,HEALTHY
594,9,1,4,0,89,1,4,3,HEALTHY
20,2,0,0,0,20,1,4,3,HEALTHY
477,5,0,2,0,1,0,4,3,HEALTHY
978,16,7,7,1,180,0,1,1,REPLACE_SOON
242,3,0,0,0,242,1,4,3,HEALTHY
481,8,1,3,0,45,0,3,3,HEALTHY
42,1,0,0,0,42,1,4,3,HEALTHY
235,4,1,0,0,235,1,3,3,HEALTHY
628,8,2,6,0,21,0,3,3,HEALTHY
194,3,1,0,0,194,1,4,3,HEALTHY
396,4,1,3,0,3,1,4,3,HEALTHY
126,2,0,0,0,126,0,3,3,HEALTHY
404,6,2,3,0,8,1,3,3,HEALTHY
805,18,6,7,0,54,0,1,1,MAINTENANCE_REQUIRED
159,0,0,0,0,159,1,4,3,HEALTHY
1134,16,5,5,2,81,0,1,3,REPLACE_SOON
389,4,0,1,0,156,1,4,3,HEALTHY
827,16,4,6,2,108,0,1,3,MAINTENANCE_REQUIRED
1182,15,3,6,0,175,0,2,3,MAINTENANCE_REQUIRED
61,0,1,0,0,61,1,4,3,HEALTHY
322,5,0,2,0,197,1,4,3,HEALTHY
583,6,0,5,0,33,0,3,3,HEALTHY
802,25,4,5,0,133,1,2,3,MAINTENANCE_REQUIRED
43,1,0,0,0,43,1,4,3,HEALTHY
1053,18,5,7,0,11,1,2,3,MAINTENANCE_REQUIRED
298,5,1,0,0,298,1,3,3,HEALTHY
85,3,0,0,0,85,1,4,3,HEALTHY
135,2,0,0,0,135,1,4,3,HEALTHY
1187,17,2,5,0,53,0,2,3,MAINTENANCE_REQUIRED
52,3,0,0,0,52,1,4,3,HEALTHY
175,1,1,2,0,49,1,4,3,HEALTHY
1599,17,6,8,0,21,0,1,1,REPLACE_SOON
747,15,0,5,0,61,0,3,3,HEALTHY
1147,18,4,4,2,53,0,1,3,MAINTENANCE_REQUIRED
1920,27,4,8,1,272,0,1,2,REPLACE_SOON
35,2,0,0,0,35,1,4,3,HEALTHY
293,5,1,3,0,14,1,4,3,HEALTHY
25,1,0,0,0,25,1,4,3,HEALTHY
238,7,1,0,0,238,1,3,3,HEALTHY
125,0,0,0,0,125,1,4,3,HEALTHY
301,3,1,4,0,17,0,3,3,HEALTHY
58,2,0,0,0,58,1,4,3,HEALTHY
34,2,0,0,0,34,1,4,3,HEALTHY
834,9,2,3,0,169,0,2,3,MAINTENANCE_REQUIRED
1619,28,6,9,0,88,0,1,3,REPLACE_SOON
919,14,7,8,0,210,0,1,1,REPLACE_SOON
389,8,1,2,0,68,1,4,3,HEALTHY
242,3,0,1,0,40,1,4,3,HEALTHY
739,12,0,1,0,8,0,3,3,HEALTHY
235,1,1,0,0,235,1,3,3,HEALTHY
127,2,0,0,0,127,1,4,3,HEALTHY
652,9,1,4,1,76,1,3,3,HEALTHY
1072,17,4,7,1,110,0,1,3,REPLACE_SOON
168,2,1,1,0,168,1,4,3,HEALTHY
1119,23,4,8,0,30,0,2,3,MAINTENANCE_REQUIRED
1104,21,4,9,1,69,0,1,1,MAINTENANCE_REQUIRED
479,9,2,2,0,29,1,3,3,HEALTHY
806,9,7,8,0,225,0,1,1,MAINTENANCE_REQUIRED
1803,29,8,11,1,94,0,1,1,REPLACE_SOON
299,3,0,0,0,299,1,4,2,HEALTHY
103,2,1,0,0,103,1,4,3,HEALTHY
37,1,0,0,0,37,1,4,3,HEALTHY
15,0,0,0,0,15,1,4,3,HEALTHY
208,1,0,2,0,93,1,4,3,HEALTHY
437,8,0,0,0,437,0,2,2,MAINTENANCE_REQUIRED
241,2,1,1,0,35,1,4,3,HEALTHY
793,11,1,2,0,297,0,2,2,MAINTENANCE_REQUIRED
344,2,0,2,0,285,1,4,2,HEALTHY
380,3,1,4,0,60,0,3,3,HEALTHY
1427,24,10,15,0,92,0,1,1,REPLACE_SOON
79,1,0,0,0,79,0,4,3,HEALTHY
2190,39,7,11,0,166,0,1,1,REPLACE_SOON
399,4,0,0,0,399,0,3,2,HEALTHY
137,2,0,0,0,137,1,4,3,HEALTHY
161,2,0,0,0,161,1,4,3,HEALTHY
262,2,0,0,0,262,1,4,3,HEALTHY
183,1,1,0,0,183,1,4,3,HEALTHY
83,0,0,0,0,83,1,4,3,HEALTHY
222,3,0,1,0,205,1,4,3,HEALTHY
163,2,1,1,0,95,1,4,3,HEALTHY
218,0,1,2,0,1,1,4,3,HEALTHY
225,4,1,3,0,84,1,4,3,HEALTHY
1002,9,3,5,1,39,0,2,3,MAINTENANCE_REQUIRED
921,16,3,4,0,130,1,2,3,MAINTENANCE_REQUIRED
234,4,0,0,0,234,0,3,3,HEALTHY
793,12,0,4,0,29,0,3,3,HEALTHY
899,22,3,6,1,12,0,2,3,MAINTENANCE_REQUIRED
1137,18,2,3,1,111,0,2,3,MAINTENANCE_REQUIRED
265,3,0,2,0,129,1,4,3,HEALTHY
112,1,0,0,0,112,1,4,3,HEALTHY
505,7,2,5,0,105,0,2,3,MAINTENANCE_REQUIRED
1172,19,6,6,0,40,0,1,1,REPLACE_SOON
303,4,0,1,0,167,0,3,3,HEALTHY
644,10,1,3,0,102,1,3,3,HEALTHY
605,8,0,7,1,95,0,3,3,HEALTHY
745,10,1,3,1,53,0,2,3,MAINTENANCE_REQUIRED
599,6,1,4,0,59,0,3,3,HEALTHY
418,3,0,0,1,418,1,3,3,HEALTHY
389,0,0,1,1,109,0,3,3,HEALTHY
104,0,0,0,0,104,1,4,3,HEALTHY
108,0,0,0,0,108,1,4,3,HEALTHY
292,6,0,1,0,33,1,4,3,HEALTHY
252,5,0,0,0,252,1,4,3,HEALTHY
318,3,1,2,0,24,1,4,3,HEALTHY
295,1,0,1,0,3,1,4,3,HEALTHY
71,1,0,0,0,71,0,4,3,HEALTHY
44,1,0,0,0,44,1,4,3,HEALTHY
254,6,0,0,0,254,1,4,3,HEALTHY
1061,16,4,8,0,12,0,2,3,MAINTENANCE_REQUIRED
190,2,0,0,0,190,1,4,3,HEALTHY
125,3,0,0,0,125,1,4,3,HEALTHY
407,3,2,3,0,50,1,3,3,HEALTHY
205,3,1,2,0,205,1,4,3,HEALTHY
171,0,1,1,0,67,1,4,3,HEALTHY
1077,17,1,1,0,12,0,3,3,MAINTENANCE_REQUIRED
637,13,1,2,0,44,0,3,3,HEALTHY
337,4,2,3,0,92,1,3,3,HEALTHY
905,13,3,3,0,225,0,2,3,MAINTENANCE_REQUIRED
2042,34,12,19,2,116,0,1,1,REPLACE_SOON
776,11,1,5,0,60,0,3,3,HEALTHY
1210,23,4,7,0,101,0,1,3,MAINTENANCE_REQUIRED
754,13,2,8,1,102,0,2,3,MAINTENANCE_REQUIRED
155,1,1,0,0,155,1,4,3,HEALTHY
68,0,1,0,0,68,1,4,3,HEALTHY
83,3,0,0,0,83,1,4,3,HEALTHY
514,6,1,5,0,87,0,3,3,HEALTHY
245,2,0,0,0,245,1,4,3,HEALTHY
455,8,1,0,0,455,1,3,3,MAINTENANCE_REQUIRED
125,3,1,0,0,125,1,4,3,HEALTHY
671,7,0,3,0,13,0,3,3,HEALTHY
1371,18,6,9,1,301,0,1,1,REPLACE_SOON
160,1,1,2,0,51,0,3,3,HEALTHY
779,7,1,3,0,21,1,4,3,HEALTHY
348,4,0,0,0,348,1,3,2,HEALTHY
50,0,0,0,0,50,0,4,3,HEALTHY
241,3,0,0,0,241,0,3,3,HEALTHY
445,6,0,0,0,445,0,2,3,MAINTENANCE_REQUIRED
22,1,0,0,0,22,1,4,3,HEALTHY
189,2,0,1,0,13,1,4,3,HEALTHY
128,2,0,0,0,128,1,4,3,HEALTHY
801,9,2,3,0,89,0,2,3,MAINTENANCE_REQUIRED
160,2,1,0,0,160,0,3,3,HEALTHY
863,16,3,4,0,135,0,2,3,MAINTENANCE_REQUIRED
268,7,0,0,1,268,1,3,2,HEALTHY
51,3,0,0,0,51,1,4,3,HEALTHY
631,6,1,4,0,35,0,3,3,HEALTHY
1023,22,2,4,0,233,0,2,3,MAINTENANCE_REQUIRED
697,14,2,8,1,166,1,2,3,MAINTENANCE_REQUIRED
31,2,1,0,0,31,1,4,3,HEALTHY
180,1,0,1,0,72,1,4,3,HEALTHY
736,15,0,1,0,136,0,3,3,HEALTHY
108,1,0,0,0,108,1,4,3,HEALTHY
558,7,4,8,0,77,0,2,3,MAINTENANCE_REQUIRED
16,1,0,0,0,16,0,4,3,HEALTHY
230,1,0,2,0,29,1,4,3,HEALTHY
77,0,0,0,0,77,1,4,3,HEALTHY
458,6,0,2,0,116,0,3,3,HEALTHY
77,1,0,0,0,77,1,4,3,HEALTHY
1465,26,9,11,0,58,0,1,3,REPLACE_SOON
625,11,0,1,2,145,0,2,3,MAINTENANCE_REQUIRED
62,0,0,0,0,62,1,4,3,HEALTHY
1409,24,5,7,1,20,0,1,1,MAINTENANCE_REQUIRED
542,12,2,5,0,77,1,3,3,HEALTHY
1107,24,4,8,0,104,0,1,1,MAINTENANCE_REQUIRED
281,4,1,0,0,281,1,3,2,HEALTHY
405,6,0,1,0,42,1,4,3,HEALTHY
46,2,0,0,0,46,1,4,3,HEALTHY
374,4,1,2,0,54,1,4,3,HEALTHY
641,6,3,5,1,26,1,2,3,MAINTENANCE_REQUIRED
958,16,4,5,0,165,0,1,1,MAINTENANCE_REQUIRED
820,14,4,5,0,126,0,2,3,MAINTENANCE_REQUIRED
281,4,1,0,0,281,1,3,2,HEALTHY
280,5,1,2,0,6,1,4,3,HEALTHY
633,6,1,4,0,25,0,3,3,HEALTHY
119,1,0,0,0,119,1,4,3,HEALTHY
460,9,2,4,1,117,1,3,3,HEALTHY
1089,15,6,7,1,60,0,1,3,REPLACE_SOON
263,3,0,1,0,16,0,4,3,HEALTHY
69,0,0,0,0,69,1,4,3,HEALTHY
1598,22,7,7,2,17,0,1,1,REPLACE_SOON
830,8,2,3,1,363,0,1,2,REPLACE_SOON
221,4,0,1,0,221,0,3,3,HEALTHY
44,1,0,0,0,44,1,4,3,HEALTHY
338,7,0,0,0,338,1,4,3,HEALTHY
949,17,6,6,1,105,0,1,1,MAINTENANCE_REQUIRED
166,4,1,1,0,85,1,4,3,HEALTHY
975,21,4,7,0,13,0,2,3,MAINTENANCE_REQUIRED
367,4,2,2,0,111,1,3,3,HEALTHY
17,0,0,0,0,17,1,4,3,HEALTHY
454,7,0,4,0,86,1,4,3,HEALTHY
54,0,1,0,0,54,1,4,3,HEALTHY
507,11,1,2,0,17,1,4,3,HEALTHY
466,5,2,3,0,37,1,3,3,HEALTHY
1010,13,1,2,0,38,1,3,3,HEALTHY
532,6,0,4,0,32,1,4,3,HEALTHY
419,7,1,4,0,41,0,3,3,HEALTHY
338,6,0,3,0,68,0,3,3,HEALTHY
243,1,0,0,0,243,1,4,3,HEALTHY
34,0,1,0,0,34,1,4,3,HEALTHY
255,3,1,1,0,127,1,4,3,HEALTHY
71,1,0,0,0,71,1,4,3,HEALTHY
268,4,0,0,1,268,0,2,2,MAINTENANCE_REQUIRED
144,3,0,0,0,144,1,4,3,HEALTHY
366,9,0,1,0,140,0,3,3,HEALTHY
214,4,0,0,0,214,1,4,3,HEALTHY
185,5,0,0,0,185,1,4,3,HEALTHY
848,14,5,11,0,91,0,1,1,MAINTENANCE_REQUIRED
155,2,0,1,0,96,0,4,3,HEALTHY
274,6,0,1,0,68,1,4,3,HEALTHY
1363,24,11,12,1,26,0,1,1,REPLACE_SOON
814,12,1,4,1,1,0,2,3,MAINTENANCE_REQUIRED
1470,25,8,10,3,9,0,1,1,REPLACE_SOON
459,10,0,2,0,117,1,4,3,HEALTHY
614,10,1,2,0,36,0,3,3,HEALTHY
751,9,1,7,0,15,0,3,3,HEALTHY
383,5,0,0,1,383,1,3,2,HEALTHY
61,2,0,0,0,61,1,4,3,HEALTHY
401,10,1,1,0,43,1,4,3,HEALTHY
168,3,0,1,0,23,1,4,3,HEALTHY
294,7,0,1,0,294,1,4,3,HEALTHY
200,4,0,4,0,200,1,4,3,HEALTHY
103,1,1,0,0,103,1,4,3,HEALTHY
122,4,1,0,0,122,1,4,3,HEALTHY
609,14,0,0,0,609,1,3,2,HEALTHY
250,7,0,1,0,61,1,4,3,HEALTHY
595,8,0,3,0,30,0,3,3,HEALTHY
389,11,0,2,0,26,1,4,3,HEALTHY
338,6,0,2,0,108,1,4,3,HEALTHY
224,0,1,1,1,224,1,3,3,HEALTHY
327,7,0,0,0,327,1,4,2,HEALTHY
830,14,3,3,0,19,1,3,3,HEALTHY
356,8,1,2,0,7,1,4,3,HEALTHY
614,7,2,7,1,449,1,2,2,MAINTENANCE_REQUIRED
946,14,3,4,0,40,0,2,3,MAINTENANCE_REQUIRED
71,0,0,0,0,71,1,4,3,HEALTHY
533,8,0,5,0,5,1,4,3,HEALTHY
254,3,0,0,0,254,1,4,3,HEALTHY
275,4,0,0,0,275,1,4,3,HEALTHY
225,1,0,1,0,148,1,4,3,HEALTHY
129,3,1,0,0,129,1,4,3,HEALTHY
597,8,0,1,0,118,1,4,3,HEALTHY
183,1,0,1,0,38,1,4,3,HEALTHY
85,2,0,0,0,85,1,4,3,HEALTHY
158,3,0,2,0,4,1,4,3,HEALTHY
197,0,1,0,0,197,1,4,3,HEALTHY
260,3,0,1,0,37,1,4,3,HEALTHY
872,13,5,7,0,136,0,1,1,REPLACE_SOON
773,14,0,2,0,80,0,3,3,HEALTHY
119,0,0,0,0,119,1,4,3,HEALTHY
173,4,1,0,0,173,1,4,3,HEALTHY
129,0,0,0,0,129,0,3,3,HEALTHY
700,13,0,2,1,30,1,3,3,HEALTHY
597,7,1,3,1,353,1,2,2,MAINTENANCE_REQUIRED
730,8,1,4,1,95,1,3,3,HEALTHY
242,5,0,1,0,1,1,4,3,HEALTHY
440,10,1,2,0,150,1,4,3,HEALTHY
1589,27,6,9,2,68,0,1,3,REPLACE_SOON
399,6,2,3,1,123,1,3,3,HEALTHY
76,1,0,0,0,76,1,4,3,HEALTHY
43,2,0,0,0,43,1,4,3,HEALTHY
99,3,0,0,0,99,0,4,3,HEALTHY
378,3,1,3,0,275,0,2,2,MAINTENANCE_REQUIRED
43,2,0,0,0,43,1,4,3,HEALTHY
67,2,0,0,0,67,1,4,3,HEALTHY
95,1,1,0,0,95,1,4,3,HEALTHY
65,2,0,0,0,65,1,4,3,HEALTHY
299,4,2,3,0,25,1,4,3,HEALTHY
580,5,1,2,0,71,1,4,3,HEALTHY
573,10,1,3,0,6,0,3,3,HEALTHY
118,3,0,0,0,118,1,4,3,HEALTHY
1217,21,4,7,2,24,0,1,3,MAINTENANCE_REQUIRED
111,2,0,0,0,111,1,4,3,HEALTHY
727,10,0,0,0,727,1,2,2,MAINTENANCE_REQUIRED
112,1,1,0,0,112,1,4,3,HEALTHY
1231,22,5,7,0,255,0,1,1,REPLACE_SOON
423,2,1,5,0,59,1,4,3,HEALTHY
761,10,0,2,0,114,0,3,3,HEALTHY
1137,22,1,5,0,81,0,2,3,MAINTENANCE_REQUIRED
548,7,1,5,0,357,1,3,2,HEALTHY
221,2,0,0,0,221,1,4,3,HEALTHY
33,1,0,0,0,33,1,4,3,HEALTHY
716,13,0,8,0,12,0,3,3,HEALTHY
538,10,2,3,0,26,1,3,3,HEALTHY
912,16,4,6,0,71,0,2,3,MAINTENANCE_REQUIRED
153,0,0,1,0,113,1,4,3,HEALTHY
250,4,0,1,0,25,0,4,3,HEALTHY
1339,26,4,5,1,2,0,1,1,MAINTENANCE_REQUIRED
216,5,0,0,0,216,1,4,3,HEALTHY
1691,31,6,8,0,196,0,1,3,REPLACE_SOON
449,7,2,2,0,120,1,3,3,HEALTHY
160,2,1,1,0,114,1,4,3,HEALTHY
1441,22,8,11,2,11,0,1,1,REPLACE_SOON
294,3,0,0,0,294,1,4,3,HEALTHY
949,19,6,10,0,64,1,2,3,MAINTENANCE_REQUIRED
141,1,0,0,0,141,1,4,3,HEALTHY
147,3,0,0,0,147,1,4,3,HEALTHY
786,12,2,4,0,66,0,2,3,MAINTENANCE_REQUIRED
349,4,1,2,0,218,1,3,3,HEALTHY
1596,31,8,11,2,599,0,1,1,REPLACE_SOON
374,7,0,6,0,70,1,4,3,HEALTHY
536,6,2,3,0,27,1,3,3,HEALTHY
888,8,5,6,1,181,0,1,1,REPLACE_SOON
97,1,1,0,0,97,1,4,3,HEALTHY
319,12,1,3,0,74,1,4,3,HEALTHY
366,8,1,2,0,34,1,4,3,HEALTHY
234,3,1,1,0,38,1,4,3,HEALTHY
156,1,0,1,0,35,1,4,3,HEALTHY
297,3,0,1,0,68,1,4,3,HEALTHY
499,11,1,3,0,40,1,4,3,HEALTHY
341,8,1,2,0,71,1,4,3,HEALTHY
70,0,1,0,0,70,1,4,3,HEALTHY
299,9,1,1,0,80,1,4,3,HEALTHY
392,6,1,3,0,64,0,3,3,HEALTHY
556,11,1,3,0,95,1,4,3,HEALTHY
1180,21,3,7,0,140,0,2,3,MAINTENANCE_REQUIRED
439,12,1,3,0,4,1,4,3,HEALTHY
1083,19,0,1,0,239,0,2,3,MAINTENANCE_REQUIRED
115,3,0,0,0,115,1,4,3,HEALTHY
1558,29,7,8,1,129,0,1,1,REPLACE_SOON
843,14,0,3,0,88,1,4,3,HEALTHY
507,7,0,2,0,26,1,4,3,HEALTHY
606,9,1,5,0,149,0,3,3,HEALTHY
348,3,2,3,0,1,1,4,3,HEALTHY
422,6,1,2,0,88,1,4,3,HEALTHY
233,4,0,0,0,233,1,4,3,HEALTHY
128,4,0,0,0,128,0,3,3,HEALTHY
644,13,1,3,0,144,0,3,3,HEALTHY
922,9,8,10,0,68,0,1,1,REPLACE_SOON
43,0,0,0,0,43,1,4,3,HEALTHY
144,1,0,0,0,144,1,4,3,HEALTHY
442,11,1,2,0,81,1,4,3,HEALTHY
856,22,0,2,0,140,0,3,3,MAINTENANCE_REQUIRED
387,5,2,2,0,8,0,3,3,HEALTHY
375,3,1,1,0,94,1,4,3,HEALTHY
97,0,0,0,0,97,1,4,3,HEALTHY
795,14,1,4,0,220,0,2,3,MAINTENANCE_REQUIRED
994,10,3,5,0,179,0,2,3,MAINTENANCE_REQUIRED
1046,15,5,5,1,37,0,1,1,MAINTENANCE_REQUIRED
207,1,1,1,0,147,1,4,3,HEALTHY
422,6,0,2,1,110,1,3,3,HEALTHY
688,17,1,6,0,4,1,4,3,HEALTHY
555,12,4,6,0,207,1,2,3,MAINTENANCE_REQUIRED
1304,29,4,8,0,31,0,1,1,MAINTENANCE_REQUIRED
1466,28,8,9,3,91,0,1,3,REPLACE_SOON
1398,26,4,5,1,31,0,1,1,MAINTENANCE_REQUIRED
38,1,0,0,0,38,1,4,3,HEALTHY
870,12,7,9,0,37,1,1,1,MAINTENANCE_REQUIRED
672,9,1,4,0,106,1,3,3,HEALTHY
528,9,1,2,0,50,0,3,3,HEALTHY
762,10,3,8,0,111,0,2,3,MAINTENANCE_REQUIRED
331,4,2,2,0,108,1,3,3,HEALTHY
211,3,0,0,0,211,1,4,3,HEALTHY
941,23,6,9,1,110,0,1,1,REPLACE_SOON
482,8,0,6,0,15,0,3,3,HEALTHY
634,7,1,3,0,246,1,3,3,HEALTHY
621,8,1,4,0,208,1,3,3,HEALTHY
325,4,0,2,0,80,1,4,3,HEALTHY
1175,29,7,9,1,16,0,1,1,REPLACE_SOON
62,0,0,0,0,62,1,4,3,HEALTHY
863,11,1,3,0,58,0,3,3,HEALTHY
628,8,0,2,0,109,1,4,3,HEALTHY
125,0,0,0,0,125,1,4,3,HEALTHY
1557,28,4,5,3,60,0,1,1,REPLACE_SOON
476,5,1,1,0,217,1,3,3,HEALTHY
669,12,1,4,1,302,0,2,3,MAINTENANCE_REQUIRED
264,3,1,0,0,264,1,3,2,HEALTHY
460,10,1,5,0,55,1,4,3,HEALTHY
598,5,2,4,0,38,0,3,3,MAINTENANCE_REQUIRED
409,8,0,0,0,409,0,3,2,MAINTENANCE_REQUIRED
197,4,0,3,0,0,1,4,3,HEALTHY
337,10,0,1,0,226,1,4,3,HEALTHY
1004,17,7,7,1,111,0,1,3,REPLACE_SOON
31,1,1,0,0,31,1,4,3,HEALTHY
115,1,1,0,0,115,1,4,3,HEALTHY
261,3,0,1,0,34,1,4,3,HEALTHY
409,4,2,3,1,41,1,3,3,HEALTHY
219,5,1,0,0,219,1,4,3,HEALTHY
73,3,1,0,0,73,1,4,3,HEALTHY
264,6,0,1,0,264,0,3,2,HEALTHY
114,2,0,0,0,114,1,4,3,HEALTHY
876,18,4,5,0,140,0,2,3,MAINTENANCE_REQUIRED
60,1,0,0,0,60,0,4,3,HEALTHY
584,8,2,4,0,72,1,3,3,HEALTHY
548,10,1,2,0,3,0,3,3,HEALTHY
1264,22,2,3,0,41,0,2,3,MAINTENANCE_REQUIRED
1223,26,8,10,1,168,0,1,3,REPLACE_SOON
237,1,1,4,0,237,1,3,3,HEALTHY
776,13,0,2,0,235,0,3,3,MAINTENANCE_REQUIRED
33,0,0,0,0,33,1,4,3,HEALTHY
150,2,1,0,0,150,1,4,3,HEALTHY
544,10,0,1,0,298,0,3,3,MAINTENANCE_REQUIRED
77,1,0,0,0,77,1,4,3,HEALTHY
609,8,2,5,0,10,0,3,3,HEALTHY
198,5,0,0,0,198,1,4,3,HEALTHY
2112,28,5,5,3,50,0,1,1,REPLACE_SOON
928,15,5,5,0,2,1,2,3,MAINTENANCE_REQUIRED
19,0,0,0,0,19,0,4,3,HEALTHY
409,12,1,2,0,64,1,4,3,HEALTHY
86,0,0,0,0,86,1,4,3,HEALTHY
41,0,1,0,0,41,1,4,3,HEALTHY
122,1,0,0,0,122,1,4,3,HEALTHY
1291,20,3,6,2,10,0,1,1,REPLACE_SOON
459,2,2,4,0,37,1,3,3,HEALTHY
78,0,1,0,0,78,1,4,3,HEALTHY
1222,24,4,5,1,276,0,1,1,REPLACE_SOON
518,3,0,2,0,50,1,4,3,HEALTHY
576,7,0,2,0,141,0,3,3,HEALTHY
295,9,0,1,1,204,1,3,3,HEALTHY
17,1,0,0,0,17,1,4,3,HEALTHY
800,7,1,2,1,40,0,2,3,MAINTENANCE_REQUIRED
174,2,0,0,0,174,1,4,3,HEALTHY
1554,31,5,7,1,29,0,1,1,REPLACE_SOON
711,9,1,5,0,0,0,3,3,HEALTHY
263,4,1,0,0,263,1,3,2,HEALTHY
1915,38,13,19,0,27,0,1,1,REPLACE_SOON
1330,28,8,9,1,193,0,1,3,REPLACE_SOON
1844,31,8,10,3,27,0,1,1,REPLACE_SOON
130,3,0,0,0,130,1,4,3,HEALTHY
2059,27,7,11,3,13,0,1,3,REPLACE_SOON
802,12,3,7,0,79,0,2,3,MAINTENANCE_REQUIRED
27,1,0,0,0,27,1,4,3,HEALTHY
508,7,1,4,1,35,0,2,3,MAINTENANCE_REQUIRED
955,12,4,6,2,42,0,1,1,REPLACE_SOON
1838,40,9,12,1,12,0,1,1,REPLACE_SOON
228,3,0,2,0,2,1,4,3,HEALTHY
349,3,0,0,0,349,1,3,2,HEALTHY
251,5,0,1,0,4,1,4,3,HEALTHY
480,6,3,5,0,37,1,3,3,HEALTHY
313,5,0,1,0,87,1,4,3,HEALTHY
494,8,0,1,0,66,1,4,3,HEALTHY
219,4,0,0,1,219,1,3,3,HEALTHY
2431,51,9,10,3,149,0,1,1,REPLACE_SOON
397,8,0,2,0,12,0,4,3,HEALTHY
215,6,1,1,0,34,1,4,3,HEALTHY
57,1,1,0,0,57,1,4,3,HEALTHY
352,5,2,2,0,127,1,3,3,HEALTHY
491,6,0,4,0,153,1,4,3,HEALTHY
2136,49,6,8,1,107,0,1,1,REPLACE_SOON
210,3,0,1,0,193,1,4,3,HEALTHY
400,7,1,1,0,33,0,3,3,HEALTHY
934,14,5,7,0,67,0,1,1,MAINTENANCE_REQUIRED
719,19,2,7,0,136,1,3,3,HEALTHY
390,3,2,3,0,357,1,3,3,HEALTHY
774,8,4,7,0,29,0,2,3,MAINTENANCE_REQUIRED
1564,23,7,7,3,209,0,1,3,REPLACE_SOON
96,1,0,0,0,96,1,4,3,HEALTHY
733,15,1,2,0,122,1,3,3,HEALTHY
215,2,0,0,0,215,1,4,3,HEALTHY
974,12,3,4,0,7,0,2,3,MAINTENANCE_REQUIRED
931,17,7,9,0,429,1,1,1,REPLACE_SOON
291,3,0,0,0,291,1,4,3,HEALTHY
544,7,0,3,0,113,0,3,3,HEALTHY
529,11,2,5,0,342,1,3,3,HEALTHY
79,0,0,0,0,79,1,4,3,HEALTHY
260,6,1,4,0,7,1,4,3,HEALTHY
422,10,1,1,0,8,0,3,3,HEALTHY
87,4,0,0,0,87,1,4,3,HEALTHY
442,2,1,2,0,53,1,4,3,HEALTHY
701,13,2,4,1,19,0,2,3,MAINTENANCE_REQUIRED
186,1,1,2,0,106,1,4,3,HEALTHY
310,4,0,0,0,310,1,4,3,HEALTHY
189,4,0,0,0,189,1,4,3,HEALTHY
525,12,2,3,0,159,0,2,3,MAINTENANCE_REQUIRED
101,1,0,0,0,101,1,4,3,HEALTHY
52,1,0,0,0,52,1,4,3,HEALTHY
849,15,3,4,0,88,1,3,3,HEALTHY
1298,23,5,6,0,14,0,1,3,REPLACE_SOON
248,2,0,1,0,78,1,4,3,HEALTHY
508,8,1,5,0,160,1,3,3,HEALTHY
188,7,0,1,0,169,1,4,3,HEALTHY
886,12,4,4,0,157,0,2,3,MAINTENANCE_REQUIRED
374,6,0,1,0,46,0,3,3,HEALTHY
285,4,0,2,0,32,1,4,3,HEALTHY
142,3,1,0,0,142,1,4,3,HEALTHY
330,7,0,4,1,97,1,4,3,HEALTHY
129,3,0,0,0,129,1,4,3,HEALTHY
201,3,0,1,0,201,1,4,3,HEALTHY
34,2,1,0,0,34,1,4,3,HEALTHY
1119,18,5,7,0,73,0,1,1,REPLACE_SOON
315,5,0,1,0,1,1,4,3,HEALTHY
719,9,0,2,1,34,0,3,3,MAINTENANCE_REQUIRED
1825,36,4,5,2,69,0,1,3,REPLACE_SOON
1318,24,2,5,0,238,0,2,3,MAINTENANCE_REQUIRED
1211,12,3,7,0,1,0,2,3,MAINTENANCE_REQUIRED
599,13,0,4,0,20,1,4,3,HEALTHY
238,1,0,1,0,175,0,3,3,HEALTHY
294,7,0,3,0,32,1,4,3,HEALTHY
184,6,0,1,0,184,1,4,3,HEALTHY
505,8,1,4,0,11,0,3,3,HEALTHY
129,2,0,0,0,129,1,4,3,HEALTHY
1213,15,5,8,0,6,0,1,1,MAINTENANCE_REQUIRED
26,2,0,0,0,26,1,4,3,HEALTHY
490,5,0,3,0,288,1,4,2,HEALTHY
732,4,0,2,0,246,0,3,3,MAINTENANCE_REQUIRED
90,1,0,0,0,90,1,4,3,HEALTHY
119,2,0,0,0,119,1,4,3,HEALTHY
138,2,0,0,0,138,1,4,3,HEALTHY
960,14,5,7,0,174,0,1,3,MAINTENANCE_REQUIRED
366,6,0,1,0,109,1,4,3,HEALTHY
293,6,0,0,0,293,1,4,2,HEALTHY
893,11,2,4,1,40,0,2,3,MAINTENANCE_REQUIRED
345,4,0,0,0,345,1,3,3,HEALTHY
118,0,0,0,0,118,1,4,3,HEALTHY
25,2,0,0,0,25,1,4,3,HEALTHY
474,8,2,5,0,79,1,3,3,HEALTHY
63,0,0,0,0,63,1,4,3,HEALTHY
493,9,1,3,0,84,0,3,3,MAINTENANCE_REQUIRED
40,0,0,0,0,40,1,4,3,HEALTHY
115,2,1,0,0,115,1,4,3,HEALTHY
235,0,0,0,0,235,1,4,3,HEALTHY
301,6,1,0,0,301,1,3,3,HEALTHY
255,3,1,2,0,1,1,4,3,HEALTHY
497,10,0,3,0,26,1,4,3,HEALTHY
342,2,0,2,0,214,1,4,3,HEALTHY
116,0,0,0,0,116,1,4,3,HEALTHY
1621,22,8,13,0,39,0,1,1,REPLACE_SOON
72,0,0,0,0,72,1,4,3,HEALTHY
768,11,3,8,0,223,1,2,3,MAINTENANCE_REQUIRED
109,1,0,0,1,109,1,4,3,HEALTHY
551,9,1,2,0,0,1,4,3,HEALTHY
494,11,1,2,0,106,0,3,3,MAINTENANCE_REQUIRED
217,4,1,1,0,31,1,4,3,HEALTHY
279,5,1,1,0,50,1,4,3,HEALTHY
160,3,1,1,0,113,1,4,3,HEALTHY
451,8,0,2,0,91,1,4,3,HEALTHY
295,4,1,2,0,65,1,4,3,HEALTHY
1746,23,6,8,0,288,0,1,1,REPLACE_SOON
289,5,0,1,0,67,1,4,3,HEALTHY
24,1,0,0,0,24,1,4,3,HEALTHY
212,2,0,1,0,35,0,4,3,HEALTHY
947,14,5,5,1,188,0,1,3,REPLACE_SOON
489,12,0,4,0,148,1,4,3,HEALTHY
158,3,1,0,0,158,1,4,3,HEALTHY
1807,28,5,11,3,19,0,1,1,REPLACE_SOON
440,5,1,1,0,25,1,4,3,HEALTHY
360,6,0,1,0,81,1,4,3,HEALTHY
788,7,1,7,0,38,0,3,3,HEALTHY
1216,15,1,5,0,130,0,2,3,MAINTENANCE_REQUIRED
134,1,0,0,0,134,1,4,3,HEALTHY
873,14,3,5,1,83,0,2,3,MAINTENANCE_REQUIRED
856,21,3,4,0,30,0,2,3,MAINTENANCE_REQUIRED
59,1,0,0,0,59,1,4,3,HEALTHY
733,12,0,2,0,163,1,4,3,HEALTHY
161,2,0,0,1,161,1,4,3,HEALTHY
471,3,2,2,0,97,0,2,3,MAINTENANCE_REQUIRED
83,0,0,0,0,83,1,4,3,HEALTHY
85,1,0,0,0,85,1,4,3,HEALTHY
65,1,1,0,0,65,1,4,3,HEALTHY
277,6,1,1,0,103,1,4,3,HEALTHY
49,0,0,0,0,49,1,4,3,HEALTHY
347,5,1,2,0,267,1,3,3,HEALTHY
469,9,1,3,1,137,0,2,3,MAINTENANCE_REQUIRED
831,19,2,2,0,20,0,2,3,MAINTENANCE_REQUIRED
236,2,0,0,0,236,1,4,3,HEALTHY
295,2,0,0,0,295,1,4,3,HEALTHY
395,10,1,2,0,332,1,3,2,HEALTHY
1349,22,6,7,0,184,0,1,1,REPLACE_SOON
1623,20,4,7,0,247,0,1,1,REPLACE_SOON
359,2,1,4,0,359,1,3,3,HEALTHY
169,1,1,1,0,43,1,4,3,HEALTHY
137,2,0,0,0,137,1,4,3,HEALTHY
1110,19,4,4,1,21,0,1,1,MAINTENANCE_REQUIRED
221,2,0,1,0,25,1,4,3,HEALTHY
879,24,6,8,1,100,0,1,1,REPLACE_SOON
464,7,1,2,1,54,0,2,3,MAINTENANCE_REQUIRED
1851,38,11,15,2,28,0,1,3,REPLACE_SOON
864,18,4,4,1,108,0,1,1,REPLACE_SOON
235,3,0,0,0,235,1,4,3,HEALTHY
299,3,1,2,0,63,1,4,3,HEALTHY
554,11,1,1,0,68,0,3,3,HEALTHY
334,4,0,5,0,9,1,4,3,HEALTHY
228,4,0,1,0,10,1,4,3,HEALTHY
51,2,0,0,0,51,0,4,3,HEALTHY
854,13,0,2,0,206,0,3,3,MAINTENANCE_REQUIRED
261,1,0,0,0,261,1,4,2,HEALTHY
380,2,0,0,0,380,1,3,3,HEALTHY
625,8,0,6,0,55,0,3,3,HEALTHY
892,20,1,3,0,176,1,3,3,HEALTHY
669,18,1,4,0,22,0,3,3,HEALTHY
814,18,5,6,1,24,0,1,3,MAINTENANCE_REQUIRED
48,2,0,0,0,48,1,4,3,HEALTHY
58,1,0,0,0,58,1,4,3,HEALTHY
129,1,0,0,0,129,1,4,3,HEALTHY
82,1,0,0,0,82,1,4,3,HEALTHY
509,7,0,1,1,438,1,3,3,HEALTHY
211,3,0,0,0,211,1,4,3,HEALTHY
241,3,1,2,0,241,1,3,3,HEALTHY
986,16,6,7,3,45,0,1,3,REPLACE_SOON
196,2,1,1,0,148,1,4,3,HEALTHY
793,14,5,8,0,301,0,1,2,REPLACE_SOON
401,4,1,1,1,195,1,3,3,HEALTHY
650,11,1,3,0,224,1,3,3,HEALTHY
358,7,1,0,0,358,1,3,3,HEALTHY
454,9,0,1,0,7,0,4,3,HEALTHY
274,5,1,0,0,274,1,3,3,HEALTHY
227,2,0,1,0,44,1,4,3,HEALTHY
1362,31,4,8,1,68,0,1,1,MAINTENANCE_REQUIRED
238,3,1,2,0,202,1,4,3,HEALTHY
213,2,0,1,0,83,1,4,3,HEALTHY
82,1,0,0,0,82,1,4,3,HEALTHY
396,2,3,3,1,53,0,2,3,MAINTENANCE_REQUIRED
224,3,0,1,0,151,1,4,3,HEALTHY
234,2,1,3,0,234,1,3,3,HEALTHY
173,5,2,3,0,47,1,4,3,HEALTHY
766,17,1,6,1,21,0,2,3,MAINTENANCE_REQUIRED
116,1,0,0,0,116,1,4,3,HEALTHY
746,13,2,5,0,119,0,2,3,MAINTENANCE_REQUIRED
581,10,2,3,0,3,0,3,3,HEALTHY
117,1,0,0,0,117,1,4,3,HEALTHY
793,11,1,6,0,48,0,3,3,HEALTHY
128,1,0,0,0,128,1,4,3,HEALTHY
407,3,0,2,1,21,1,4,3,HEALTHY
225,1,1,0,0,225,1,3,3,HEALTHY
1349,36,2,4,1,221,0,1,3,REPLACE_SOON
465,5,1,2,0,57,1,4,3,HEALTHY
485,3,0,5,0,202,1,4,3,HEALTHY
334,3,3,6,0,77,1,3,3,HEALTHY
511,9,0,1,0,111,1,4,3,HEALTHY
1780,29,6,8,1,1,0,1,1,REPLACE_SOON
15,0,0,0,0,15,1,4,3,HEALTHY
369,10,0,1,0,86,1,4,3,HEALTHY
241,6,1,2,0,33,1,4,3,HEALTHY
443,5,0,1,0,134,0,3,3,HEALTHY
26,1,1,0,0,26,1,4,3,HEALTHY
447,8,0,1,0,17,1,4,3,HEALTHY
88,0,0,0,0,88,0,4,3,HEALTHY
842,14,3,4,0,151,0,2,3,MAINTENANCE_REQUIRED
374,8,0,0,0,374,0,3,2,HEALTHY
221,6,0,0,0,221,1,4,3,HEALTHY
193,2,1,3,0,69,1,4,3,HEALTHY
747,7,1,6,0,4,1,4,3,HEALTHY
129,2,1,0,0,129,1,4,3,HEALTHY
730,15,1,7,0,114,0,3,3,HEALTHY
701,5,0,3,0,18,1,4,3,HEALTHY
2094,34,7,9,1,148,0,1,1,REPLACE_SOON
349,6,0,3,0,102,1,4,3,HEALTHY
646,6,2,4,0,136,0,2,3,MAINTENANCE_REQUIRED
149,0,0,0,0,149,1,4,3,HEALTHY
152,1,1,1,0,25,1,4,3,HEALTHY
1357,11,6,6,1,90,0,1,1,REPLACE_SOON
224,4,0,0,0,224,1,4,3,HEALTHY
44,3,0,0,0,44,0,4,3,HEALTHY
94,2,0,0,0,94,0,4,3,HEALTHY
44,1,0,0,0,44,1,4,3,HEALTHY
121,3,0,0,1,121,1,4,3,HEALTHY
870,13,6,9,0,91,0,1,1,MAINTENANCE_REQUIRED
163,2,0,1,0,21,1,4,3,HEALTHY
107,1,1,0,0,107,1,4,3,HEALTHY
212,1,0,0,0,212,1,4,3,HEALTHY
574,7,1,4,0,56,1,4,3,HEALTHY
121,3,0,0,0,121,1,4,3,HEALTHY
44,2,0,0,0,44,1,4,3,HEALTHY
1019,11,5,7,1,1,1,2,3,MAINTENANCE_REQUIRED
335,3,1,2,0,141,1,4,3,HEALTHY
527,11,0,1,0,44,1,4,3,HEALTHY
347,13,2,3,1,98,1,3,3,HEALTHY
263,4,3,3,0,17,0,2,3,MAINTENANCE_REQUIRED
456,6,2,2,0,120,1,3,3,HEALTHY
387,3,0,2,0,179,1,4,3,HEALTHY
144,0,0,0,0,144,1,4,3,HEALTHY
1266,25,3,6,0,197,0,2,3,MAINTENANCE_REQUIRED
271,3,0,3,0,38,1,4,3,HEALTHY
21,2,0,0,0,21,1,4,3,HEALTHY
841,13,2,6,0,132,1,3,3,HEALTHY
182,4,0,2,0,43,1,4,3,HEALTHY
136,3,1,0,0,136,1,4,3,HEALTHY
492,5,1,1,0,72,1,4,3,HEALTHY
223,2,1,1,0,21,0,3,3,HEALTHY
339,3,1,2,0,228,1,3,3,HEALTHY
920,18,2,3,1,93,0,2,3,MAINTENANCE_REQUIRED
133,4,0,0,0,133,1,4,3,HEALTHY
417,4,3,5,0,47,1,3,3,HEALTHY
340,5,0,0,0,340,0,3,2,MAINTENANCE_REQUIRED
84,2,0,0,0,84,1,4,3,HEALTHY
1225,17,4,7,1,27,0,1,1,MAINTENANCE_REQUIRED
68,0,1,0,0,68,1,4,3,HEALTHY
1150,26,5,6,0,207,0,1,1,REPLACE_SOON
123,4,1,0,0,123,1,4,3,HEALTHY
130,0,0,0,0,130,1,4,3,HEALTHY
31,2,0,0,0,31,1,4,3,HEALTHY
84,1,0,0,0,84,1,4,3,HEALTHY
168,4,0,1,0,36,0,4,3,HEALTHY
410,11,1,3,0,83,1,4,3,HEALTHY
295,5,0,0,0,295,1,4,3,HEALTHY
759,14,1,5,0,118,0,3,3,MAINTENANCE_REQUIRED
31,0,0,0,0,31,1,4,3,HEALTHY
125,3,1,0,0,125,1,4,3,HEALTHY
1344,17,7,9,0,23,0,1,3,REPLACE_SOON
298,2,1,0,0,298,1,3,3,HEALTHY
685,4,2,6,0,29,1,3,3,HEALTHY
710,10,0,6,0,61,0,3,3,HEALTHY
257,3,0,0,0,257,1,4,2,HEALTHY
416,5,0,1,0,389,0,3,2,MAINTENANCE_REQUIRED
529,8,2,4,0,23,0,3,3,HEALTHY
242,1,0,1,0,57,1,4,3,HEALTHY
42,1,0,0,0,42,1,4,3,HEALTHY
1384,18,5,8,0,60,0,1,3,REPLACE_SOON
431,8,0,2,0,108,1,4,3,HEALTHY
100,0,0,0,0,100,0,4,3,HEALTHY
356,4,0,4,0,76,1,4,3,HEALTHY
322,1,0,0,0,322,1,4,2,HEALTHY
114,0,0,0,0,114,1,4,3,HEALTHY
373,5,0,2,0,26,1,4,3,HEALTHY
123,1,0,0,0,123,1,4,3,HEALTHY
1366,26,5,10,0,197,0,1,1,REPLACE_SOON
34,1,0,0,0,34,1,4,3,HEALTHY
246,4,0,0,0,246,1,4,3,HEALTHY
353,4,1,4,0,85,0,3,3,HEALTHY
169,2,1,1,0,169,1,4,3,HEALTHY
982,21,6,9,1,334,0,1,1,REPLACE_SOON
438,5,0,0,0,438,1,3,3,HEALTHY
384,4,2,7,0,70,0,3,3,HEALTHY
621,10,1,7,1,198,1,3,3,MAINTENANCE_REQUIRED
1291,22,9,10,0,33,0,1,1,REPLACE_SOON
42,0,0,0,0,42,1,4,3,HEALTHY
439,6,2,2,0,181,1,3,3,HEALTHY
439,13,1,1,0,63,1,4,3,HEALTHY
145,5,0,0,0,145,1,4,3,HEALTHY
584,11,1,4,0,224,0,2,3,MAINTENANCE_REQUIRED
69,1,1,0,0,69,1,4,3,HEALTHY
423,5,0,1,0,49,1,4,3,HEALTHY
338,7,2,3,1,32,1,3,3,HEALTHY
90,0,1,0,0,90,1,4,3,HEALTHY
38,2,1,0,0,38,1,4,3,HEALTHY
514,11,0,3,0,394,1,3,2,HEALTHY
237,1,1,1,0,172,1,4,3,HEALTHY
97,1,1,0,0,97,1,4,3,HEALTHY
362,7,0,2,0,362,1,3,3,HEALTHY
681,10,2,7,0,262,0,2,2,MAINTENANCE_REQUIRED
109,1,0,0,0,109,1,4,3,HEALTHY
798,13,1,4,0,167,1,3,3,HEALTHY
211,5,0,0,0,211,1,4,3,HEALTHY
188,4,0,0,0,188,1,4,3,HEALTHY
153,5,0,0,0,153,1,4,3,HEALTHY
1401,25,4,7,2,73,0,1,1,REPLACE_SOON
56,0,1,0,0,56,1,4,3,HEALTHY
2052,35,13,17,2,49,0,1,1,REPLACE_SOON
297,4,0,0,0,297,0,3,3,MAINTENANCE_REQUIRED
391,5,0,0,0,391,1,3,2,HEALTHY
109,1,1,0,0,109,1,4,3,HEALTHY
1522,30,5,9,0,22,0,1,1,REPLACE_SOON
209,7,0,1,0,73,1,4,3,HEALTHY
589,13,0,1,0,277,0,3,3,MAINTENANCE_REQUIRED
1200,25,4,6,0,181,0,1,3,REPLACE_SOON
107,0,0,0,0,107,1,4,3,HEALTHY
150,2,0,1,0,55,1,4,3,HEALTHY
406,6,0,2,0,38,0,3,3,HEALTHY
221,4,0,1,0,43,0,4,3,HEALTHY
135,3,1,0,0,135,0,3,3,HEALTHY
650,14,3,4,0,99,0,2,3,MAINTENANCE_REQUIRED
205,4,0,1,0,78,1,4,3,HEALTHY
2421,40,9,11,4,169,0,1,1,REPLACE_SOON
508,13,1,3,0,78,0,3,3,HEALTHY
249,2,0,0,0,249,1,4,3,HEALTHY
544,10,1,4,0,26,1,4,3,HEALTHY
219,1,2,3,0,85,1,3,3,HEALTHY
353,4,0,0,0,353,1,3,2,HEALTHY
537,8,0,0,1,537,0,2,3,MAINTENANCE_REQUIRED
373,1,1,0,0,373,1,3,3,HEALTHY
145,4,0,0,1,145,1,4,3,HEALTHY
491,6,1,3,0,67,1,4,3,HEALTHY
776,15,0,5,0,134,0,3,3,MAINTENANCE_REQUIRED
54,2,1,0,0,54,1,4,3,HEALTHY
1572,22,6,8,1,143,0,1,3,REPLACE_SOON
680,2,0,3,0,196,1,4,3,HEALTHY
409,8,1,2,0,64,0,3,3,HEALTHY
587,9,2,4,0,129,1,3,3,HEALTHY
537,7,4,5,0,40,1,3,3,HEALTHY
94,0,0,0,0,94,1,4,3,HEALTHY
895,17,4,5,0,73,0,2,3,MAINTENANCE_REQUIRED
865,14,1,2,0,11,0,3,3,MAINTENANCE_REQUIRED
29,2,0,0,0,29,0,4,3,HEALTHY
33,4,0,0,0,33,1,4,3,HEALTHY
250,0,0,4,0,33,1,4,3,HEALTHY
310,5,1,2,0,191,0,3,3,MAINTENANCE_REQUIRED
62,0,0,0,0,62,1,4,3,HEALTHY
851,15,6,6,2,7,0,1,1,REPLACE_SOON
1007,11,2,6,0,284,0,2,2,MAINTENANCE_REQUIRED
126,2,1,0,0,126,0,3,3,HEALTHY
677,10,1,2,0,37,1,4,3,HEALTHY
104,0,0,0,0,104,1,4,3,HEALTHY
376,3,1,0,1,376,1,2,2,MAINTENANCE_REQUIRED
229,4,0,0,0,229,1,4,3,HEALTHY
741,14,3,5,0,104,0,2,3,MAINTENANCE_REQUIRED
155,0,2,2,0,34,1,4,3,HEALTHY
1722,27,5,6,1,121,0,1,1,REPLACE_SOON
88,2,1,0,0,88,1,4,3,HEALTHY
1365,30,6,8,1,155,0,1,3,REPLACE_SOON
205,4,1,0,0,205,1,4,3,HEALTHY
385,6,0,1,0,72,0,3,3,HEALTHY
59,2,0,0,0,59,1,4,3,HEALTHY
409,8,1,3,0,234,0,3,3,MAINTENANCE_REQUIRED
435,11,1,1,0,100,1,4,3,HEALTHY
714,16,1,7,0,32,1,4,3,HEALTHY
140,2,0,0,0,140,1,4,3,HEALTHY
840,11,10,13,0,15,0,1,3,MAINTENANCE_REQUIRED
367,14,0,3,0,20,1,4,3,HEALTHY
732,12,0,4,0,126,1,4,3,HEALTHY
232,2,1,1,0,128,1,4,3,HEALTHY
66,1,1,0,0,66,1,4,3,HEALTHY
709,12,0,5,0,256,0,3,2,MAINTENANCE_REQUIRED
88,2,0,0,0,88,1,4,3,HEALTHY
667,14,1,4,0,25,0,3,3,MAINTENANCE_REQUIRED
19,2,0,0,0,19,1,4,3,HEALTHY
218,1,2,4,0,218,1,3,3,HEALTHY
415,7,0,1,0,44,0,3,3,HEALTHY
263,4,1,1,0,214,0,3,3,MAINTENANCE_REQUIRED
1054,18,4,5,1,33,1,2,3,MAINTENANCE_REQUIRED
453,9,0,1,0,79,1,4,3,HEALTHY
172,1,1,1,0,30,1,4,3,HEALTHY
126,3,0,0,0,126,1,4,3,HEALTHY
517,8,2,4,1,494,0,1,3,MAINTENANCE_REQUIRED
541,4,2,4,0,24,0,3,3,HEALTHY
753,12,6,9,1,6,0,1,3,MAINTENANCE_REQUIRED
735,14,1,3,0,26,0,3,3,HEALTHY
397,5,1,1,0,257,0,3,2,MAINTENANCE_REQUIRED
2500,23,11,16,5,26,0,1,1,REPLACE_SOON
290,2,0,0,1,290,1,3,2,HEALTHY
48,0,0,0,0,48,1,4,3,HEALTHY
485,6,0,1,0,117,1,4,3,HEALTHY
93,2,1,0,0,93,1,4,3,HEALTHY
965,23,4,5,1,32,0,1,1,MAINTENANCE_REQUIRED
1282,22,4,6,2,77,0,1,1,REPLACE_SOON
426,14,1,4,1,125,1,3,3,HEALTHY
801,17,4,5,0,117,0,2,3,MAINTENANCE_REQUIRED
494,12,0,0,0,494,1,3,2,HEALTHY
671,10,2,5,0,158,1,3,3,HEALTHY
777,8,1,6,0,64,0,3,3,HEALTHY
288,1,1,1,0,55,1,4,3,HEALTHY
72,3,0,0,0,72,1,4,3,HEALTHY
420,7,1,1,0,73,1,4,3,HEALTHY
1603,17,5,8,1,123,0,1,3,REPLACE_SOON
46,0,1,0,0,46,1,4,3,HEALTHY
2337,30,10,15,0,124,0,1,1,REPLACE_SOON
638,11,1,3,0,122,0,3,3,HEALTHY
1753,36,11,14,2,91,0,1,3,REPLACE_SOON
81,3,0,0,0,81,1,4,3,HEALTHY
680,16,1,4,0,39,0,3,3,HEALTHY
154,2,0,3,0,95,1,4,3,HEALTHY
114,1,0,0,0,114,1,4,3,HEALTHY
217,1,0,2,1,13,1,4,3,HEALTHY
189,1,1,0,0,189,1,4,3,HEALTHY
78,2,0,0,0,78,1,4,3,HEALTHY
861,18,3,4,1,83,0,2,3,MAINTENANCE_REQUIRED
295,2,0,1,0,62,1,4,3,HEALTHY
1216,19,8,10,1,6,0,1,1,REPLACE_SOON
171,0,1,1,0,170,1,4,3,HEALTHY
296,3,0,1,0,63,1,4,3,HEALTHY
294,2,2,2,0,294,1,3,3,HEALTHY
233,5,1,3,1,34,1,3,3,HEALTHY
97,0,0,0,0,97,1,4,3,HEALTHY
37,1,1,0,0,37,1,4,3,HEALTHY
150,2,0,2,0,38,1,4,3,HEALTHY
747,13,0,4,0,233,0,3,3,MAINTENANCE_REQUIRED
25,1,0,0,0,25,1,4,3,HEALTHY
24,1,0,0,0,24,0,4,3,HEALTHY
842,19,5,6,2,84,0,1,1,REPLACE_SOON
328,7,1,2,0,7,1,4,3,HEALTHY
244,3,0,1,0,44,1,4,3,HEALTHY
938,14,1,2,0,22,0,3,3,HEALTHY
402,6,0,3,0,204,0,3,3,HEALTHY
665,12,1,6,0,468,1,3,2,HEALTHY
882,14,2,3,1,217,0,2,3,MAINTENANCE_REQUIRED
940,15,6,11,2,3,0,1,1,REPLACE_SOON
1376,25,7,13,4,187,0,1,3,REPLACE_SOON
44,0,0,0,0,44,1,4,3,HEALTHY
1228,19,4,6,0,3,0,2,3,MAINTENANCE_REQUIRED
36,1,0,0,0,36,1,4,3,HEALTHY
101,0,0,0,0,101,1,4,3,HEALTHY
290,7,1,2,0,56,1,4,3,HEALTHY
279,6,1,0,0,279,1,3,2,HEALTHY
654,11,1,4,0,1,0,3,3,HEALTHY
204,8,0,0,0,204,0,3,3,HEALTHY
554,5,0,1,1,111,0,3,3,HEALTHY
142,4,0,0,0,142,1,4,3,HEALTHY
654,13,0,1,0,39,1,4,3,HEALTHY
490,11,0,3,0,35,0,3,3,HEALTHY
204,1,0,0,0,204,1,4,3,HEALTHY
66,0,0,0,0,66,1,4,3,HEALTHY
326,2,0,2,0,280,1,4,3,HEALTHY
412,5,1,4,0,127,1,4,3,HEALTHY
986,20,2,6,0,136,0,2,3,MAINTENANCE_REQUIRED
520,10,3,3,0,17,0,2,3,MAINTENANCE_REQUIRED
771,9,1,4,0,56,0,3,3,HEALTHY
260,5,1,2,0,150,1,4,3,HEALTHY
754,8,1,2,0,11,1,4,3,HEALTHY
209,5,2,2,0,88,1,3,3,HEALTHY
45,2,1,0,0,45,1,4,3,HEALTHY
21,1,1,0,0,21,1,4,3,HEALTHY
477,6,1,1,0,42,0,3,3,HEALTHY
496,14,2,3,0,0,1,3,3,HEALTHY
19,1,1,0,0,19,1,4,3,HEALTHY
98,0,1,0,0,98,1,4,3,HEALTHY
121,1,0,0,0,121,1,4,3,HEALTHY
1039,13,4,5,1,11,0,1,3,MAINTENANCE_REQUIRED
379,8,1,5,0,60,1,4,3,HEALTHY
1084,18,3,5,0,132,0,2,3,MAINTENANCE_REQUIRED
749,12,1,8,0,7,0,3,3,HEALTHY
216,4,0,1,0,60,1,4,3,HEALTHY
372,10,1,1,0,70,0,3,3,HEALTHY
351,7,1,1,0,141,1,4,3,HEALTHY
96,0,1,0,0,96,1,4,3,HEALTHY
620,10,2,3,0,20,1,3,3,HEALTHY
704,7,0,4,0,32,0,3,3,HEALTHY
218,2,2,2,0,218,1,3,3,HEALTHY
273,5,0,1,1,11,0,3,3,HEALTHY
134,4,0,0,0,134,1,4,3,HEALTHY
892,14,4,5,0,313,1,2,3,MAINTENANCE_REQUIRED
765,13,2,7,0,607,0,1,1,MAINTENANCE_REQUIRED
136,4,1,0,0,136,1,4,3,HEALTHY
63,0,1,0,0,63,1,4,3,HEALTHY
414,8,1,3,0,169,1,3,3,HEALTHY
1721,34,9,11,5,33,0,1,3,REPLACE_SOON
955,15,4,8,0,45,1,2,3,HEALTHY
107,0,0,0,0,107,1,4,3,HEALTHY
137,2,0,0,0,137,1,4,3,HEALTHY
296,9,1,0,0,296,0,3,3,MAINTENANCE_REQUIRED
878,10,7,11,2,381,0,1,3,REPLACE_SOON
373,6,0,3,0,8,1,4,3,HEALTHY
141,2,1,0,0,141,1,4,3,HEALTHY
496,12,2,11,0,48,1,3,3,HEALTHY
1881,30,11,13,1,26,0,1,1,REPLACE_SOON
802,12,1,5,0,8,0,3,3,HEALTHY
921,13,4,6,1,12,0,1,1,MAINTENANCE_REQUIRED
339,3,1,4,0,339,1,3,3,HEALTHY
353,6,1,1,0,2,1,4,3,HEALTHY
494,10,2,4,0,69,0,3,3,HEALTHY
164,3,0,1,0,53,0,4,3,HEALTHY
108,0,0,0,0,108,1,4,3,HEALTHY
592,5,1,3,0,196,1,3,3,HEALTHY
90,0,0,0,0,90,1,4,3,HEALTHY
962,12,4,4,1,129,0,1,1,REPLACE_SOON
588,5,0,1,0,12,0,3,3,HEALTHY
227,2,1,0,0,227,1,3,3,HEALTHY
1323,19,5,7,0,22,0,1,3,MAINTENANCE_REQUIRED
206,0,0,4,0,206,1,4,3,HEALTHY
512,4,0,2,0,41,1,4,3,HEALTHY
532,9,2,3,0,25,1,3,3,HEALTHY
445,7,0,1,0,399,0,3,3,MAINTENANCE_REQUIRED
257,3,0,0,0,257,1,4,2,HEALTHY
97,0,1,0,0,97,1,4,3,HEALTHY
309,5,2,2,0,309,1,3,2,HEALTHY
645,11,2,3,0,125,1,3,3,HEALTHY
1606,23,4,6,1,13,0,1,1,REPLACE_SOON
825,10,2,3,0,176,0,2,3,MAINTENANCE_REQUIRED
2500,42,8,18,1,115,0,1,1,REPLACE_SOON
1955,29,7,9,1,56,0,1,1,REPLACE_SOON
1516,29,6,7,1,98,0,1,1,REPLACE_SOON
101,3,0,0,0,101,1,4,3,HEALTHY
675,7,2,4,1,1,0,2,3,MAINTENANCE_REQUIRED
400,9,1,1,0,16,1,4,3,HEALTHY
2500,50,12,19,2,26,0,1,1,REPLACE_SOON
267,3,1,2,0,146,1,4,3,HEALTHY
1050,26,6,11,1,78,0,1,1,REPLACE_SOON
139,2,1,0,2,139,1,3,3,HEALTHY
28,1,0,0,0,28,1,4,3,HEALTHY
183,8,0,3,0,22,1,4,3,HEALTHY
2500,31,9,15,3,5,0,1,1,REPLACE_SOON
970,18,3,5,0,128,0,2,3,MAINTENANCE_REQUIRED
766,10,2,3,1,70,0,2,3,MAINTENANCE_REQUIRED
283,8,0,1,0,124,1,4,3,HEALTHY
94,1,0,0,0,94,1,4,3,HEALTHY
371,9,0,2,0,110,0,3,3,HEALTHY
318,4,0,1,0,56,1,4,3,HEALTHY
1331,17,6,7,0,40,0,1,3,REPLACE_SOON
486,7,0,2,0,34,1,4,3,HEALTHY
1022,11,2,6,2,51,0,1,1,MAINTENANCE_REQUIRED
1244,22,2,4,2,79,0,1,1,MAINTENANCE_REQUIRED
171,4,0,0,0,171,1,4,3,HEALTHY
239,6,1,0,0,239,1,3,3,HEALTHY
374,6,0,2,0,140,1,4,3,HEALTHY
1074,25,5,5,0,39,0,1,1,MAINTENANCE_REQUIRED
1127,21,6,8,0,126,0,1,3,REPLACE_SOON
377,8,1,3,0,22,0,3,3,HEALTHY
45,2,1,0,0,45,1,4,3,HEALTHY
42,0,0,0,0,42,1,4,3,HEALTHY
109,0,1,0,0,109,1,4,3,HEALTHY
182,2,0,2,0,182,1,4,3,HEALTHY
369,4,0,2,0,302,1,4,3,HEALTHY
191,4,2,2,0,0,1,4,3,HEALTHY
254,3,1,3,0,55,0,3,3,HEALTHY
24,1,0,0,0,24,1,4,3,HEALTHY
65,1,1,0,0,65,1,4,3,HEALTHY
648,11,1,4,1,49,0,2,3,MAINTENANCE_REQUIRED
327,4,0,1,0,247,0,3,3,HEALTHY
177,1,0,1,0,109,1,4,3,HEALTHY
360,8,1,2,0,228,1,3,3,HEALTHY
101,2,0,0,0,101,1,4,3,HEALTHY
538,9,2,2,0,73,0,2,3,MAINTENANCE_REQUIRED
211,2,0,0,0,211,1,4,3,HEALTHY
293,4,0,0,0,293,1,4,3,HEALTHY
1006,24,3,5,0,21,0,2,3,MAINTENANCE_REQUIRED
2500,37,7,14,2,50,0,1,1,REPLACE_SOON
330,6,1,2,0,17,1,4,3,HEALTHY
1112,19,4,4,0,49,0,2,3,MAINTENANCE_REQUIRED
809,15,8,9,0,56,0,1,1,REPLACE_SOON
165,1,1,1,0,131,0,3,3,HEALTHY
392,4,0,1,0,31,1,4,3,HEALTHY
510,4,0,1,0,204,1,4,3,HEALTHY
69,0,0,0,0,69,1,4,3,HEALTHY
221,5,0,0,1,221,0,3,3,MAINTENANCE_REQUIRED
151,3,0,0,0,151,1,4,3,HEALTHY
443,9,1,1,0,209,1,3,3,HEALTHY
384,5,1,3,0,144,0,3,3,HEALTHY
1029,14,4,9,0,142,0,1,1,MAINTENANCE_REQUIRED
1171,9,3,7,0,123,0,2,3,MAINTENANCE_REQUIRED
145,0,0,0,0,145,1,4,3,HEALTHY
692,12,1,4,0,2,1,4,3,HEALTHY
138,1,1,0,0,138,1,4,3,HEALTHY
1140,15,4,5,1,145,0,1,3,REPLACE_SOON
439,11,1,2,0,16,1,4,3,HEALTHY
817,9,4,6,0,6,0,2,3,MAINTENANCE_REQUIRED
364,10,0,0,0,364,1,3,3,HEALTHY
1085,20,6,9,3,20,1,1,3,REPLACE_SOON
609,8,1,1,0,6,0,3,3,HEALTHY
113,0,1,0,0,113,1,4,3,HEALTHY
354,6,0,0,0,354,1,3,2,HEALTHY
321,7,0,5,0,48,1,4,3,HEALTHY
85,0,0,0,0,85,0,4,3,HEALTHY
1230,20,3,4,1,46,0,1,3,MAINTENANCE_REQUIRED
834,8,2,4,0,152,0,2,3,MAINTENANCE_REQUIRED
121,0,0,0,0,121,1,4,3,HEALTHY
910,18,6,9,2,175,0,1,1,REPLACE_SOON
22,2,0,0,0,22,1,4,3,HEALTHY
1403,24,5,10,1,182,0,1,1,REPLACE_SOON
1325,15,6,10,0,26,0,1,3,REPLACE_SOON
1191,15,8,11,1,185,0,1,3,REPLACE_SOON
35,1,0,0,0,35,0,4,3,HEALTHY
910,12,1,2,0,13,0,3,3,HEALTHY
362,6,0,2,0,42,1,4,3,HEALTHY
724,11,1,5,0,31,0,3,3,HEALTHY
986,20,2,6,0,0,0,2,3,MAINTENANCE_REQUIRED
250,6,1,0,0,250,1,3,3,HEALTHY
239,4,0,0,0,239,0,3,3,HEALTHY
1005,15,10,12,2,97,0,1,1,REPLACE_SOON
1494,21,4,8,0,63,0,1,1,MAINTENANCE_REQUIRED
948,16,3,3,0,111,0,2,3,MAINTENANCE_REQUIRED
62,4,0,0,0,62,1,4,3,HEALTHY
502,6,1,2,0,14,0,3,3,HEALTHY
126,3,0,0,0,126,1,4,3,HEALTHY
947,20,7,7,1,324,0,1,1,REPLACE_SOON
476,7,1,2,1,93,0,2,3,MAINTENANCE_REQUIRED
278,5,2,2,2,28,1,2,3,HEALTHY
130,1,0,0,0,130,1,4,3,HEALTHY
707,17,0,2,0,51,1,4,3,HEALTHY
86,0,0,0,0,86,1,4,3,HEALTHY
486,6,2,8,0,60,1,3,3,HEALTHY
249,5,0,0,0,249,1,4,3,HEALTHY
1701,34,10,10,0,177,0,1,1,REPLACE_SOON
362,6,0,4,1,297,1,3,3,HEALTHY
1453,25,6,7,0,181,0,1,1,REPLACE_SOON
20,2,0,0,0,20,1,4,3,HEALTHY
848,14,1,4,1,61,0,2,3,MAINTENANCE_REQUIRED
55,1,1,0,0,55,1,4,3,HEALTHY
243,1,0,0,0,243,1,4,3,HEALTHY
385,10,2,4,0,385,1,3,3,HEALTHY
760,12,2,4,0,51,0,2,3,MAINTENANCE_REQUIRED
937,24,5,7,0,40,0,1,1,MAINTENANCE_REQUIRED
396,2,1,6,0,63,1,4,3,HEALTHY
187,2,0,3,0,139,0,3,3,HEALTHY
238,4,0,0,0,238,0,3,3,HEALTHY
636,15,1,3,0,24,1,4,3,HEALTHY
1040,21,7,9,1,238,0,1,1,REPLACE_SOON
857,15,3,4,0,259,0,2,2,MAINTENANCE_REQUIRED
42,1,0,0,0,42,1,4,3,HEALTHY
2500,45,11,15,2,209,0,1,3,REPLACE_SOON
191,5,0,0,0,191,1,4,3,HEALTHY
328,5,1,0,0,328,1,3,2,HEALTHY
1041,19,2,2,1,281,0,1,2,MAINTENANCE_REQUIRED
509,9,0,3,0,70,1,4,3,HEALTHY
902,15,6,9,1,127,0,1,1,MAINTENANCE_REQUIRED
1440,20,4,6,1,1,0,1,1,REPLACE_SOON
70,0,0,0,0,70,1,4,3,HEALTHY
864,17,5,7,3,40,0,1,3,REPLACE_SOON
979,24,8,10,0,230,0,1,1,REPLACE_SOON
1279,15,4,7,0,60,0,1,1,MAINTENANCE_REQUIRED
96,0,0,0,0,96,0,4,3,HEALTHY
792,9,0,2,0,50,0,3,3,MAINTENANCE_REQUIRED
888,10,5,6,2,88,0,1,1,REPLACE_SOON
199,1,0,0,0,199,1,4,3,HEALTHY
128,2,1,0,1,128,1,3,3,HEALTHY
714,8,2,7,0,47,1,3,3,HEALTHY
471,6,0,1,0,106,1,4,3,HEALTHY
1236,18,5,9,0,65,0,1,3,MAINTENANCE_REQUIRED
522,4,2,3,0,102,1,3,3,HEALTHY
825,14,4,7,1,58,0,1,1,MAINTENANCE_REQUIRED
536,5,0,1,0,116,1,4,3,HEALTHY
1846,33,6,9,2,6,0,1,1,REPLACE_SOON
55,0,0,0,0,55,1,4,3,HEALTHY
1020,26,2,4,0,36,0,2,3,MAINTENANCE_REQUIRED
98,0,0,0,0,98,1,4,3,HEALTHY
20,1,0,0,0,20,0,4,3,HEALTHY
427,5,0,3,0,127,1,4,3,HEALTHY
627,11,5,8,0,13,1,2,3,HEALTHY
73,1,1,0,0,73,0,3,3,HEALTHY
600,8,0,2,0,297,0,3,3,MAINTENANCE_REQUIRED
1430,18,4,4,0,32,0,1,1,MAINTENANCE_REQUIRED
81,2,0,0,0,81,1,4,3,HEALTHY
638,10,1,4,0,23,1,4,3,HEALTHY
636,14,3,4,0,40,1,3,3,HEALTHY
120,1,0,0,0,120,1,4,3,HEALTHY
857,18,2,5,1,94,1,2,3,HEALTHY
717,7,0,2,1,75,0,3,3,MAINTENANCE_REQUIRED
274,5,0,0,0,274,1,4,3,HEALTHY
515,11,0,2,0,81,1,4,3,HEALTHY
186,4,0,2,0,101,1,4,3,HEALTHY
133,2,1,0,0,133,1,4,3,HEALTHY
260,0,1,1,0,178,1,4,3,HEALTHY
925,10,3,5,0,359,1,2,3,MAINTENANCE_REQUIRED
1372,29,0,4,0,78,0,3,3,MAINTENANCE_REQUIRED
796,13,1,4,2,44,0,2,3,MAINTENANCE_REQUIRED
408,3,2,3,0,203,1,3,3,HEALTHY
251,4,0,0,0,251,1,4,2,HEALTHY
553,7,1,1,0,70,1,4,3,HEALTHY
206,0,0,0,0,206,1,4,3,HEALTHY
1140,20,5,10,0,13,0,1,3,MAINTENANCE_REQUIRED
891,18,5,6,0,65,0,1,3,MAINTENANCE_REQUIRED
80,0,1,0,0,80,0,3,3,HEALTHY
73,0,0,0,0,73,1,4,3,HEALTHY
111,0,1,0,0,111,1,4,3,HEALTHY
34,2,1,0,0,34,1,4,3,HEALTHY
407,6,1,2,0,55,1,4,3,HEALTHY
76,2,0,0,0,76,1,4,3,HEALTHY
1969,31,7,14,1,82,0,1,3,REPLACE_SOON
86,2,0,0,0,86,1,4,3,HEALTHY
418,9,1,3,0,246,0,3,3,HEALTHY
60,1,0,0,0,60,1,4,3,HEALTHY
65,2,0,0,0,65,1,4,3,HEALTHY
1027,20,2,2,0,212,0,2,3,MAINTENANCE_REQUIRED
358,5,1,2,0,67,0,3,3,HEALTHY
19,1,0,0,0,19,1,4,3,HEALTHY
238,5,0,1,0,171,1,4,3,HEALTHY
555,10,4,5,1,149,0,1,3,MAINTENANCE_REQUIRED
198,4,0,1,0,59,0,4,3,HEALTHY
382,8,1,5,0,26,1,4,3,HEALTHY
416,5,0,2,0,182,0,3,3,HEALTHY
771,11,0,10,0,413,0,2,2,MAINTENANCE_REQUIRED
26,4,0,0,0,26,1,4,3,HEALTHY
628,12,3,4,0,53,1,3,3,HEALTHY
328,2,0,1,0,25,0,4,3,HEALTHY
217,2,2,3,0,6,1,4,3,HEALTHY
385,9,1,2,0,35,0,3,3,HEALTHY
760,11,0,2,0,36,1,4,3,HEALTHY
90,1,0,0,0,90,1,4,3,HEALTHY
377,6,0,2,0,114,1,4,3,HEALTHY
434,8,0,4,0,9,1,4,3,HEALTHY
411,8,1,2,0,131,0,3,3,HEALTHY
306,4,1,0,0,306,1,3,3,HEALTHY
179,1,0,2,0,137,1,4,3,HEALTHY
228,0,1,2,0,194,1,4,3,HEALTHY
485,8,2,7,2,218,1,2,3,MAINTENANCE_REQUIRED
1542,20,9,11,3,121,0,1,1,REPLACE_SOON
558,9,3,6,1,85,0,2,3,MAINTENANCE_REQUIRED
431,8,1,4,0,425,1,3,3,HEALTHY
1443,24,5,9,0,161,0,1,3,REPLACE_SOON
1253,16,9,12,1,0,0,1,3,REPLACE_SOON
1038,16,4,8,0,71,0,2,3,MAINTENANCE_REQUIRED
291,6,1,1,0,47,1,4,3,HEALTHY
47,1,0,0,0,47,1,4,3,HEALTHY
1324,29,3,8,0,50,0,2,3,MAINTENANCE_REQUIRED
931,14,4,5,0,17,0,2,3,MAINTENANCE_REQUIRED
475,11,0,2,1,52,1,4,3,HEALTHY
99,0,0,0,0,99,1,4,3,HEALTHY
39,0,1,0,0,39,1,4,3,HEALTHY
223,5,0,0,0,223,1,4,3,HEALTHY
552,5,0,2,0,86,0,3,3,HEALTHY
384,5,1,3,0,99,1,4,3,HEALTHY
1009,16,2,5,2,170,0,1,3,MAINTENANCE_REQUIRED
176,2,2,3,0,95,1,3,3,HEALTHY
39,1,1,0,0,39,0,3,3,HEALTHY
457,6,5,6,0,52,0,2,3,MAINTENANCE_REQUIRED
1110,23,4,4,1,22,0,1,3,REPLACE_SOON
953,19,4,6,1,72,0,1,3,MAINTENANCE_REQUIRED
543,8,3,4,2,245,0,1,1,REPLACE_SOON
1068,16,2,3,0,144,0,2,3,MAINTENANCE_REQUIRED
303,9,2,2,0,202,1,3,3,HEALTHY
987,8,4,7,0,279,0,1,2,MAINTENANCE_REQUIRED
104,1,0,0,1,104,1,4,3,HEALTHY
97,1,0,0,0,97,1,4,3,HEALTHY
55,1,1,0,0,55,1,4,3,HEALTHY
1519,26,10,11,0,94,0,1,1,REPLACE_SOON
198,1,0,0,0,198,1,4,3,HEALTHY
660,9,1,5,0,377,1,3,3,HEALTHY
287,10,1,1,1,104,1,3,3,HEALTHY
428,9,0,1,0,282,1,4,3,HEALTHY
1189,16,5,9,0,96,0,1,1,REPLACE_SOON
563,12,0,1,0,7,0,3,3,HEALTHY
545,9,3,7,0,43,1,3,3,HEALTHY
297,3,0,1,0,79,1,4,3,HEALTHY
417,1,0,0,0,417,0,3,3,MAINTENANCE_REQUIRED
2090,37,7,11,2,146,0,1,3,REPLACE_SOON
429,8,1,0,0,429,1,3,2,HEALTHY
661,9,0,8,0,26,1,4,3,HEALTHY
235,1,0,0,0,235,1,4,3,HEALTHY
213,2,0,2,0,14,1,4,3,HEALTHY
318,1,1,1,0,109,1,4,3,HEALTHY
300,5,0,1,1,135,1,3,3,HEALTHY
136,2,1,0,0,136,1,4,3,HEALTHY
181,3,2,3,0,55,1,4,3,HEALTHY
124,7,1,0,0,124,1,4,3,HEALTHY
1288,24,4,9,0,8,0,2,3,MAINTENANCE_REQUIRED
64,1,0,0,0,64,1,4,3,HEALTHY
627,8,1,3,0,134,1,3,3,HEALTHY
107,2,0,0,0,107,1,4,3,HEALTHY
335,12,0,7,0,57,1,4,3,HEALTHY
1263,21,5,6,2,261,0,1,1,REPLACE_SOON
781,12,2,3,0,0,0,2,3,MAINTENANCE_REQUIRED
592,8,1,3,1,117,1,3,3,HEALTHY
465,10,0,1,0,10,1,4,3,HEALTHY
1107,23,4,5,1,26,0,1,3,MAINTENANCE_REQUIRED
93,1,0,0,0,93,1,4,3,HEALTHY
736,16,2,6,0,503,0,2,2,MAINTENANCE_REQUIRED
606,10,1,6,0,35,1,4,3,HEALTHY
590,6,1,4,0,153,0,3,3,MAINTENANCE_REQUIRED
279,7,0,0,0,279,0,3,2,HEALTHY
559,9,1,3,1,24,1,3,3,HEALTHY
219,3,0,0,0,219,1,4,3,HEALTHY
196,3,1,0,0,196,1,4,3,HEALTHY
120,2,0,0,0,120,1,4,3,HEALTHY
735,7,0,2,0,13,0,3,3,HEALTHY
572,8,0,3,1,279,0,2,3,MAINTENANCE_REQUIRED
184,1,0,1,0,131,1,4,3,HEALTHY
81,0,0,0,0,81,0,4,3,HEALTHY
18,0,0,0,0,18,1,4,3,HEALTHY
279,6,0,2,0,71,1,4,3,HEALTHY
696,12,0,4,0,79,0,3,3,HEALTHY
218,1,1,1,0,112,1,4,3,HEALTHY
738,14,2,8,0,180,0,2,3,MAINTENANCE_REQUIRED
375,3,0,0,0,375,0,3,2,HEALTHY
569,10,1,3,0,103,0,3,3,HEALTHY
749,8,0,0,0,749,0,2,2,MAINTENANCE_REQUIRED
1139,15,6,8,2,25,0,1,1,REPLACE_SOON
273,7,0,1,1,161,1,3,3,HEALTHY
1395,30,11,13,0,96,0,1,3,REPLACE_SOON
959,8,4,5,1,8,0,1,3,MAINTENANCE_REQUIRED
1378,25,6,9,1,104,0,1,3,REPLACE_SOON
289,2,0,2,0,88,1,4,3,HEALTHY
246,6,1,2,0,66,1,4,3,HEALTHY
1211,33,5,5,2,61,0,1,1,REPLACE_SOON
77,0,0,0,0,77,1,4,3,HEALTHY
372,4,0,3,1,231,0,2,3,MAINTENANCE_REQUIRED
329,8,0,1,0,38,1,4,3,HEALTHY
1748,23,8,12,0,15,0,1,1,REPLACE_SOON
420,5,2,4,0,71,0,3,3,MAINTENANCE_REQUIRED
1756,28,10,11,4,44,0,1,1,REPLACE_SOON
448,5,1,0,1,448,0,2,3,MAINTENANCE_REQUIRED
22,3,0,0,0,22,1,4,3,HEALTHY
2500,45,10,16,1,188,0,1,1,REPLACE_SOON
410,6,2,3,0,51,1,3,3,HEALTHY
106,1,1,0,0,106,1,4,3,HEALTHY
146,3,0,0,0,146,1,4,3,HEALTHY
620,18,0,2,0,163,1,4,3,HEALTHY
1129,18,6,7,0,105,0,1,1,REPLACE_SOON
380,4,1,4,0,163,1,4,3,HEALTHY
158,1,1,0,0,158,1,4,3,HEALTHY
316,5,1,2,0,263,1,3,3,HEALTHY
183,5,1,3,0,169,1,4,3,HEALTHY
1345,26,6,7,0,71,0,1,3,REPLACE_SOON
455,7,3,4,0,249,0,2,3,MAINTENANCE_REQUIRED
148,0,0,0,0,148,1,4,3,HEALTHY
572,13,2,2,1,245,0,2,3,MAINTENANCE_REQUIRED
1715,31,3,8,0,277,0,1,3,REPLACE_SOON
1243,19,7,10,1,6,0,1,3,REPLACE_SOON
17,0,0,0,0,17,0,4,3,HEALTHY
188,4,0,1,0,99,1,4,3,HEALTHY
1249,19,9,11,1,301,0,1,1,REPLACE_SOON
243,3,0,1,1,142,1,3,3,HEALTHY
183,2,0,2,0,75,1,4,3,HEALTHY
272,6,1,1,0,272,1,3,3,HEALTHY
183,1,0,3,0,5,1,4,3,HEALTHY
337,8,2,3,0,261,1,3,3,HEALTHY
2500,42,10,12,2,219,0,1,3,REPLACE_SOON
212,1,0,0,0,212,1,4,3,HEALTHY
778,15,1,5,0,219,0,2,3,MAINTENANCE_REQUIRED
1351,27,4,5,0,26,0,1,3,MAINTENANCE_REQUIRED
595,10,2,3,0,26,1,3,3,HEALTHY
1858,29,9,12,2,172,0,1,3,REPLACE_SOON
754,10,1,5,0,49,0,3,3,HEALTHY
377,8,1,2,0,110,1,4,3,HEALTHY
323,7,0,3,0,178,1,4,3,HEALTHY
215,3,0,3,0,128,1,4,3,HEALTHY
798,8,1,4,0,84,0,3,3,MAINTENANCE_REQUIRED
223,6,0,1,0,47,1,4,3,HEALTHY
567,9,0,1,0,85,0,3,3,HEALTHY
698,16,1,2,0,25,1,4,3,HEALTHY
25,2,0,0,0,25,1,4,3,HEALTHY
67,0,0,0,0,67,1,4,3,HEALTHY
278,4,1,0,0,278,0,3,2,HEALTHY
780,16,1,5,0,27,0,3,3,HEALTHY
1055,13,6,10,0,42,0,1,3,MAINTENANCE_REQUIRED
683,8,0,3,0,21,1,4,3,HEALTHY
252,3,1,3,0,8,1,4,3,HEALTHY
319,3,0,2,0,49,1,4,3,HEALTHY
275,5,0,0,0,275,1,4,3,HEALTHY
546,9,0,3,0,6,0,3,3,HEALTHY
605,12,1,4,1,342,0,2,3,MAINTENANCE_REQUIRED
61,0,0,0,0,61,1,4,3,HEALTHY
705,15,1,1,0,10,0,3,3,HEALTHY
710,13,3,5,0,27,0,2,3,MAINTENANCE_REQUIRED
38,1,1,0,0,38,1,4,3,HEALTHY
15,1,0,0,0,15,1,4,3,HEALTHY
133,3,0,0,0,133,1,4,3,HEALTHY
101,1,0,0,1,101,1,4,3,HEALTHY
174,5,0,0,0,174,1,4,3,HEALTHY
638,6,1,3,0,86,0,3,3,HEALTHY
60,3,0,0,0,60,1,4,3,HEALTHY
331,8,1,2,0,104,1,4,3,HEALTHY
295,4,2,2,0,63,1,3,3,HEALTHY
487,10,3,7,0,33,0,2,3,MAINTENANCE_REQUIRED
122,5,0,0,0,122,1,4,3,HEALTHY
147,3,1,0,0,147,1,4,3,HEALTHY
1172,21,3,5,1,440,0,1,1,REPLACE_SOON
464,4,0,3,0,7,0,3,3,HEALTHY
47,1,0,0,0,47,1,4,3,HEALTHY
284,3,1,2,0,284,0,3,2,MAINTENANCE_REQUIRED
15,0,0,0,0,15,1,4,3,HEALTHY
701,13,1,3,0,9,1,4,3,HEALTHY
296,4,0,1,0,149,1,4,3,HEALTHY
537,12,2,3,0,20,1,3,3,HEALTHY
396,5,0,1,0,47,1,4,3,HEALTHY
37,3,0,0,0,37,1,4,3,HEALTHY
329,10,0,0,0,329,1,4,3,HEALTHY
94,1,0,0,0,94,1,4,3,HEALTHY
725,15,3,5,1,154,0,1,1,MAINTENANCE_REQUIRED
479,7,0,1,0,4,0,3,3,HEALTHY
30,0,0,0,0,30,1,4,3,HEALTHY
304,4,1,2,0,0,1,4,3,HEALTHY
510,10,3,5,0,29,0,2,3,MAINTENANCE_REQUIRED
239,3,0,2,0,20,0,4,3,HEALTHY
1754,32,9,16,1,10,0,1,3,REPLACE_SOON
828,14,3,4,3,43,1,1,1,MAINTENANCE_REQUIRED
133,2,1,0,0,133,1,4,3,HEALTHY
555,9,0,4,0,103,0,3,3,HEALTHY
36,1,0,0,0,36,1,4,3,HEALTHY
1049,13,4,5,1,40,0,1,1,MAINTENANCE_REQUIRED
45,1,1,0,0,45,1,4,3,HEALTHY
37,1,0,0,0,37,1,4,3,HEALTHY
675,14,2,4,0,60,1,3,3,HEALTHY
376,8,1,2,0,244,1,3,3,HEALTHY
1400,22,7,8,0,90,0,1,1,REPLACE_SOON
238,2,0,0,0,238,1,4,3,HEALTHY
429,8,2,3,0,57,0,3,3,HEALTHY
372,9,0,1,0,150,1,4,3,HEALTHY
465,6,3,8,0,12,0,2,3,MAINTENANCE_REQUIRED
424,5,0,2,1,115,0,3,3,HEALTHY
37,0,1,0,0,37,1,4,3,HEALTHY
375,7,1,0,0,375,1,3,2,HEALTHY
196,3,0,0,0,196,0,3,3,HEALTHY
147,1,1,0,0,147,1,4,3,HEALTHY
232,1,0,1,0,131,1,4,3,HEALTHY
323,6,0,2,0,24,1,4,3,HEALTHY
631,11,1,4,0,48,1,4,3,HEALTHY
1094,19,5,6,0,5,1,2,3,MAINTENANCE_REQUIRED
27,3,0,0,0,27,1,4,3,HEALTHY
439,4,0,2,0,245,1,4,3,HEALTHY
417,5,0,3,0,408,0,3,2,MAINTENANCE_REQUIRED
137,2,0,0,0,137,1,4,3,HEALTHY
70,0,1,0,0,70,1,4,3,HEALTHY
84,1,0,0,0,84,1,4,3,HEALTHY
651,6,0,3,0,160,1,4,3,HEALTHY
662,8,0,2,0,118,0,3,3,MAINTENANCE_REQUIRED
1072,16,4,6,1,48,0,1,1,MAINTENANCE_REQUIRED
171,2,0,0,0,171,1,4,3,HEALTHY
235,0,1,1,0,235,1,3,3,HEALTHY
127,2,1,0,0,127,1,4,3,HEALTHY
509,8,0,2,0,82,1,4,3,HEALTHY
364,10,0,2,0,129,1,4,3,HEALTHY
1531,15,3,3,0,4,0,2,3,MAINTENANCE_REQUIRED
1191,21,5,6,1,34,0,1,3,MAINTENANCE_REQUIRED
1222,17,11,12,0,5,0,1,1,MAINTENANCE_REQUIRED
271,6,0,1,0,7,1,4,3,HEALTHY
171,1,0,3,0,22,1,4,3,HEALTHY
840,12,10,12,0,23,0,1,1,REPLACE_SOON
495,6,1,2,0,42,1,4,3,HEALTHY
508,4,1,7,0,65,0,3,3,HEALTHY
565,9,1,1,0,3,0,3,3,HEALTHY
397,11,2,3,0,40,1,3,3,HEALTHY
1085,22,11,13,1,2,1,1,1,MAINTENANCE_REQUIRED
227,4,0,1,0,112,1,4,3,HEALTHY
18,1,0,0,0,18,1,4,3,HEALTHY
719,18,1,8,0,287,0,2,3,MAINTENANCE_REQUIRED
504,7,1,2,1,116,0,2,3,MAINTENANCE_REQUIRED
164,2,0,1,0,86,1,4,3,HEALTHY
90,0,0,0,0,90,1,4,3,HEALTHY
537,9,1,3,0,27,1,4,3,HEALTHY
130,2,0,0,0,130,1,4,3,HEALTHY
323,5,1,2,1,20,1,3,3,HEALTHY
69,0,0,0,0,69,1,4,3,HEALTHY
336,2,0,0,0,336,1,4,3,HEALTHY
1415,22,9,11,4,7,0,1,1,REPLACE_SOON
67,0,0,0,0,67,0,4,3,HEALTHY
826,11,1,5,1,118,0,2,3,MAINTENANCE_REQUIRED
117,1,0,0,0,117,1,4,3,HEALTHY
345,6,1,4,0,118,0,3,3,HEALTHY
629,9,1,1,0,92,0,3,3,HEALTHY
1328,16,3,4,0,141,0,2,3,MAINTENANCE_REQUIRED
178,1,0,1,0,46,1,4,3,HEALTHY
17,2,0,0,0,17,1,4,3,HEALTHY
33,1,1,0,0,33,1,4,3,HEALTHY
289,5,0,2,0,9,1,4,3,HEALTHY
996,9,4,8,0,7,0,2,3,MAINTENANCE_REQUIRED
176,4,1,1,0,4,1,4,3,HEALTHY
847,12,3,5,0,27,0,2,3,MAINTENANCE_REQUIRED
997,10,3,5,0,69,0,2,3,MAINTENANCE_REQUIRED
381,5,0,3,0,223,1,4,3,HEALTHY
310,5,0,2,0,132,1,4,3,HEALTHY
477,3,0,1,1,172,1,3,3,HEALTHY
530,8,0,3,0,93,0,3,3,HEALTHY
482,9,0,2,0,131,0,3,3,HEALTHY
336,5,0,1,0,78,1,4,3,HEALTHY
2025,42,6,8,2,233,0,1,1,REPLACE_SOON
316,6,0,1,0,35,1,4,3,HEALTHY
1877,25,8,12,0,115,0,1,3,REPLACE_SOON
859,11,4,5,1,334,0,1,1,REPLACE_SOON
365,6,1,3,0,54,0,3,3,HEALTHY
62,0,0,0,0,62,1,4,3,HEALTHY
130,2,0,0,0,130,1,4,3,HEALTHY
89,0,0,0,0,89,1,4,3,HEALTHY
357,5,1,2,0,42,1,4,3,HEALTHY
65,1,1,0,0,65,1,4,3,HEALTHY
1388,27,5,10,0,42,0,1,1,REPLACE_SOON
137,1,1,0,0,137,1,4,3,HEALTHY
551,4,0,3,0,68,0,3,3,HEALTHY
223,2,1,2,0,71,1,4,3,HEALTHY
284,5,1,0,0,284,1,3,3,HEALTHY
719,8,0,1,0,24,1,4,3,HEALTHY
714,9,2,4,0,122,0,2,3,MAINTENANCE_REQUIRED
397,4,0,2,0,145,1,4,3,HEALTHY
264,5,0,1,0,19,1,4,3,HEALTHY
1577,21,5,8,2,7,0,1,3,REPLACE_SOON
320,3,0,3,0,48,1,4,3,HEALTHY
226,0,1,1,0,69,1,4,3,HEALTHY
134,1,0,0,1,134,1,4,3,HEALTHY
2500,39,9,13,0,46,0,1,1,REPLACE_SOON
290,3,0,2,0,77,1,4,3,HEALTHY
300,8,0,1,0,42,1,4,3,HEALTHY
376,7,2,3,0,35,1,3,3,HEALTHY
786,12,3,7,0,54,0,2,3,MAINTENANCE_REQUIRED
906,17,3,4,1,108,0,1,3,MAINTENANCE_REQUIRED
93,1,0,0,0,93,1,4,3,HEALTHY
373,3,0,1,0,46,0,3,3,HEALTHY
1059,10,5,5,0,114,0,1,1,REPLACE_SOON
258,4,0,1,0,24,1,4,3,HEALTHY
1945,31,13,20,3,57,0,1,1,REPLACE_SOON
1909,35,10,11,2,5,0,1,1,REPLACE_SOON
79,3,0,0,0,79,1,4,3,HEALTHY
1447,20,4,5,1,175,0,1,3,REPLACE_SOON
689,4,1,3,0,53,0,3,3,HEALTHY
107,0,0,0,0,107,1,4,3,HEALTHY
259,2,0,2,0,27,1,4,3,HEALTHY
726,10,1,2,1,24,1,3,3,HEALTHY
121,0,1,0,0,121,1,4,3,HEALTHY
407,7,0,0,0,407,0,3,3,HEALTHY
776,8,2,6,0,182,0,2,3,MAINTENANCE_REQUIRED
342,8,1,1,0,100,1,4,3,HEALTHY
878,16,1,2,0,44,0,3,3,HEALTHY
219,5,1,0,0,219,1,4,3,HEALTHY
866,11,2,2,1,0,0,2,3,MAINTENANCE_REQUIRED
272,6,1,1,0,41,1,4,3,HEALTHY
178,1,0,1,0,12,1,4,3,HEALTHY
337,8,2,3,0,35,1,3,3,HEALTHY
428,6,0,1,0,428,1,3,2,HEALTHY
172,0,1,2,1,37,1,3,3,HEALTHY
108,0,0,0,0,108,1,4,3,HEALTHY
288,3,0,1,0,169,1,4,3,HEALTHY
472,6,1,2,0,49,1,4,3,HEALTHY
514,3,1,4,0,189,0,3,3,HEALTHY
886,12,5,6,1,39,0,1,1,MAINTENANCE_REQUIRED
130,1,1,0,0,130,1,4,3,HEALTHY
571,15,0,1,0,10,0,3,3,HEALTHY
803,17,1,5,0,66,0,3,3,HEALTHY
171,5,0,1,0,171,1,4,3,HEALTHY
1991,27,17,21,3,9,0,1,3,REPLACE_SOON
478,3,1,1,0,52,1,4,3,HEALTHY
1040,15,6,9,0,315,0,1,1,REPLACE_SOON
619,9,2,4,1,130,1,2,3,HEALTHY
279,3,0,0,0,279,1,4,2,HEALTHY
568,8,1,4,0,63,0,3,3,HEALTHY
714,11,3,5,0,72,1,3,3,HEALTHY
748,11,1,2,0,2,1,4,3,HEALTHY
595,12,1,4,0,16,0,3,3,HEALTHY
1016,18,5,6,0,54,0,1,3,MAINTENANCE_REQUIRED
1269,30,6,9,1,69,0,1,1,REPLACE_SOON
729,16,2,3,0,2,1,3,3,HEALTHY
19,0,0,0,0,19,1,4,3,HEALTHY
360,8,1,1,0,18,1,4,3,HEALTHY
625,14,3,5,0,68,1,3,3,HEALTHY
37,1,0,0,0,37,1,4,3,HEALTHY
553,8,0,1,0,5,0,3,3,HEALTHY
82,0,0,0,0,82,1,4,3,HEALTHY
200,5,1,0,0,200,1,4,3,HEALTHY
551,16,1,3,0,69,1,4,3,HEALTHY
771,6,3,6,0,83,0,2,3,MAINTENANCE_REQUIRED
1069,10,8,10,0,91,0,1,3,REPLACE_SOON
386,3,0,1,0,105,1,4,3,HEALTHY
94,1,1,0,0,94,1,4,3,HEALTHY
775,8,2,3,0,164,1,3,3,HEALTHY
56,1,0,0,0,56,1,4,3,HEALTHY
40,0,0,0,0,40,1,4,3,HEALTHY
770,8,2,5,0,181,0,2,3,MAINTENANCE_REQUIRED
1194,11,5,8,1,0,0,1,3,REPLACE_SOON
613,11,1,4,0,92,0,3,3,HEALTHY
539,4,1,4,1,99,1,3,3,HEALTHY
702,8,3,6,0,103,0,2,3,MAINTENANCE_REQUIRED
422,7,0,1,0,30,1,4,3,HEALTHY
26,0,0,0,0,26,1,4,3,HEALTHY
680,11,1,2,0,16,1,4,3,HEALTHY
37,0,0,0,0,37,1,4,3,HEALTHY
132,3,0,0,1,132,1,4,3,HEALTHY
214,4,0,0,0,214,1,4,3,HEALTHY
545,6,0,3,0,198,0,3,3,HEALTHY
990,14,2,5,0,70,0,2,3,MAINTENANCE_REQUIRED
85,3,0,0,0,85,1,4,3,HEALTHY
257,5,0,0,1,257,0,2,2,MAINTENANCE_REQUIRED
64,2,0,0,0,64,1,4,3,HEALTHY
307,5,0,2,0,235,1,4,3,HEALTHY
475,4,1,3,0,79,0,3,3,HEALTHY
490,9,0,5,0,149,1,4,3,HEALTHY
80,5,0,0,0,80,1,4,3,HEALTHY
326,6,3,7,1,177,1,2,3,MAINTENANCE_REQUIRED
275,4,1,3,0,30,1,4,3,HEALTHY
329,5,0,5,0,50,0,4,3,HEALTHY
816,8,6,8,0,22,0,1,3,MAINTENANCE_REQUIRED
586,7,1,5,1,86,1,3,3,HEALTHY
260,3,1,0,0,260,1,3,3,HEALTHY
51,1,0,0,0,51,0,4,3,HEALTHY
549,7,1,1,1,56,0,2,3,MAINTENANCE_REQUIRED
1419,23,1,1,1,92,0,2,3,MAINTENANCE_REQUIRED
2500,39,8,9,2,88,0,1,3,REPLACE_SOON
78,1,0,0,0,78,1,4,3,HEALTHY
768,5,0,6,1,91,0,2,3,MAINTENANCE_REQUIRED
2161,32,9,16,0,11,0,1,1,REPLACE_SOON
526,10,0,0,1,526,1,2,3,MAINTENANCE_REQUIRED
350,6,0,1,0,291,1,4,3,HEALTHY
147,1,0,0,0,147,1,4,3,HEALTHY
348,5,1,2,0,138,1,4,3,HEALTHY
573,4,2,5,0,88,0,2,3,MAINTENANCE_REQUIRED
31,0,0,0,0,31,0,4,3,HEALTHY
252,4,0,2,0,206,1,4,3,HEALTHY
24,0,0,0,0,24,1,4,3,HEALTHY
388,5,1,2,0,152,1,4,3,HEALTHY
1696,29,10,11,3,35,0,1,1,REPLACE_SOON
540,14,0,0,0,540,0,2,3,MAINTENANCE_REQUIRED
542,10,2,3,1,86,0,2,3,MAINTENANCE_REQUIRED
17,1,1,0,0,17,0,3,3,HEALTHY
803,14,3,6,0,42,0,2,3,MAINTENANCE_REQUIRED
2005,51,17,18,2,77,0,1,1,REPLACE_SOON
232,1,1,1,0,53,1,4,3,HEALTHY
276,3,0,2,0,92,1,4,3,HEALTHY
1088,26,5,6,0,81,0,1,3,MAINTENANCE_REQUIRED
423,5,0,3,0,95,1,4,3,HEALTHY
164,3,0,0,0,164,1,4,3,HEALTHY
613,10,4,7,2,36,0,1,1,MAINTENANCE_REQUIRED
397,4,1,3,0,32,0,3,3,HEALTHY
436,7,0,2,0,84,1,4,3,HEALTHY
638,8,0,4,0,178,0,3,3,HEALTHY
1005,14,3,4,1,7,0,2,3,MAINTENANCE_REQUIRED
44,1,1,0,0,44,1,4,3,HEALTHY
184,1,0,0,0,184,1,4,3,HEALTHY
127,4,0,0,0,127,1,4,3,HEALTHY
247,2,0,1,0,34,1,4,3,HEALTHY
658,11,2,4,0,359,1,2,2,MAINTENANCE_REQUIRED
869,17,2,3,0,15,0,2,3,MAINTENANCE_REQUIRED
89,0,0,0,0,89,1,4,3,HEALTHY
390,4,0,0,0,390,1,3,2,HEALTHY
875,17,2,5,1,23,0,2,3,MAINTENANCE_REQUIRED
93,2,0,0,0,93,1,4,3,HEALTHY
280,4,0,0,0,280,1,4,3,HEALTHY
376,6,2,4,0,82,0,3,3,HEALTHY
465,8,0,2,0,38,1,4,3,HEALTHY
107,0,0,0,0,107,1,4,3,HEALTHY
284,1,1,2,0,191,1,4,3,HEALTHY
508,4,1,5,0,13,1,4,3,HEALTHY
95,0,0,0,0,95,1,4,3,HEALTHY
637,10,3,7,1,57,1,2,3,MAINTENANCE_REQUIRED
1339,22,11,12,1,69,0,1,1,REPLACE_SOON
631,4,0,2,0,214,1,4,3,HEALTHY
93,0,0,0,0,93,1,4,3,HEALTHY
200,7,0,2,0,189,0,3,3,HEALTHY
136,2,0,0,0,136,1,4,3,HEALTHY
383,6,2,3,0,31,1,3,3,HEALTHY
222,3,0,1,0,100,1,4,3,HEALTHY
292,1,0,0,0,292,1,4,3,HEALTHY
391,10,0,1,0,174,1,4,3,HEALTHY
320,5,0,2,0,30,1,4,3,HEALTHY
226,3,0,0,0,226,1,4,3,HEALTHY
1303,18,6,11,2,1,0,1,1,REPLACE_SOON
516,7,1,2,0,64,1,4,3,HEALTHY
156,3,1,0,0,156,1,4,3,HEALTHY
143,0,0,0,0,143,1,4,3,HEALTHY
459,8,1,3,0,153,1,3,3,HEALTHY
49,1,0,0,0,49,1,4,3,HEALTHY
175,2,1,1,0,96,0,3,3,HEALTHY
147,4,0,0,0,147,1,4,3,HEALTHY
1374,24,5,7,0,41,0,1,1,REPLACE_SOON
277,2,0,0,0,277,1,4,2,HEALTHY
293,4,0,1,0,130,1,4,3,HEALTHY
70,0,0,0,0,70,1,4,3,HEALTHY
826,8,1,4,1,110,0,2,3,MAINTENANCE_REQUIRED
118,2,0,0,0,118,1,4,3,HEALTHY
277,3,1,2,0,77,1,4,3,HEALTHY
970,16,4,4,1,11,0,1,1,REPLACE_SOON
78,0,0,0,0,78,1,4,3,HEALTHY
295,2,0,0,0,295,1,4,2,HEALTHY
513,8,1,3,0,498,0,2,3,MAINTENANCE_REQUIRED
98,2,0,0,0,98,1,4,3,HEALTHY
372,3,0,2,0,34,0,4,3,HEALTHY
183,3,0,1,0,59,1,4,3,HEALTHY
137,1,1,0,0,137,1,4,3,HEALTHY
177,2,0,0,0,177,1,4,3,HEALTHY
220,4,0,1,0,1,1,4,3,HEALTHY
252,5,2,2,0,252,1,3,2,HEALTHY
69,0,1,0,0,69,1,4,3,HEALTHY
82,1,0,0,0,82,1,4,3,HEALTHY
25,2,0,0,0,25,1,4,3,HEALTHY
545,8,1,2,0,64,1,4,3,HEALTHY
46,0,0,0,0,46,1,4,3,HEALTHY
199,7,0,0,0,199,1,4,3,HEALTHY
222,1,0,1,0,81,1,4,3,HEALTHY
429,5,2,2,0,31,0,3,3,HEALTHY
319,5,1,3,0,126,1,4,3,HEALTHY
292,4,1,3,1,178,1,3,3,HEALTHY
1287,24,4,6,0,54,0,1,3,MAINTENANCE_REQUIRED
16,0,0,0,0,16,1,4,3,HEALTHY
891,14,7,7,1,34,0,1,1,REPLACE_SOON
115,1,1,0,0,115,1,4,3,HEALTHY
556,8,0,2,0,9,0,3,3,HEALTHY
260,2,0,0,0,260,1,4,3,HEALTHY
377,5,0,0,0,377,1,3,2,HEALTHY
1939,20,9,13,1,31,0,1,1,REPLACE_SOON
1476,14,12,13,1,105,0,1,1,REPLACE_SOON
917,16,6,8,0,26,0,1,1,MAINTENANCE_REQUIRED
1114,19,8,9,3,15,0,1,1,REPLACE_SOON
980,13,2,4,0,7,1,3,3,HEALTHY
102,1,0,0,0,102,1,4,3,HEALTHY
824,14,5,5,2,176,0,1,1,REPLACE_SOON
57,2,1,0,0,57,1,4,3,HEALTHY
738,13,2,6,1,189,0,2,3,MAINTENANCE_REQUIRED
816,11,2,4,0,425,0,2,2,REPLACE_SOON
33,0,0,0,0,33,1,4,3,HEALTHY
283,4,0,0,0,283,1,4,2,HEALTHY
404,6,0,0,0,404,0,3,2,HEALTHY
113,3,1,0,0,113,0,3,3,HEALTHY
626,2,1,2,0,66,1,4,3,HEALTHY
646,8,0,1,0,43,0,3,3,HEALTHY
895,15,3,4,0,17,0,2,3,MAINTENANCE_REQUIRED
77,0,1,0,0,77,1,4,3,HEALTHY
155,3,0,2,0,40,1,4,3,HEALTHY
422,4,1,2,0,140,0,3,3,HEALTHY
363,10,0,2,0,44,1,4,3,HEALTHY
776,17,3,6,1,32,0,2,3,MAINTENANCE_REQUIRED
314,7,0,2,0,105,1,4,3,HEALTHY
37,2,0,0,0,37,1,4,3,HEALTHY
579,11,0,2,0,38,1,4,3,HEALTHY
411,11,1,2,0,183,1,3,3,HEALTHY
1109,17,6,8,0,36,0,1,1,REPLACE_SOON
377,6,0,3,0,95,1,4,3,HEALTHY
410,6,1,2,0,66,1,4,3,HEALTHY
290,1,1,0,0,290,1,3,2,MAINTENANCE_REQUIRED
424,7,0,2,0,121,0,3,3,HEALTHY
617,8,3,6,0,8,1,3,3,HEALTHY
476,3,0,4,0,326,0,3,3,HEALTHY
69,2,1,0,0,69,1,4,3,HEALTHY
119,1,0,0,0,119,1,4,3,HEALTHY
29,1,0,0,0,29,1,4,3,HEALTHY
396,6,1,3,0,63,0,3,3,HEALTHY
545,10,0,2,0,34,1,4,3,HEALTHY
815,14,4,5,0,43,0,2,3,MAINTENANCE_REQUIRED
1397,25,2,3,2,78,0,1,1,MAINTENANCE_REQUIRED
91,1,0,0,0,91,1,4,3,HEALTHY
954,14,3,4,1,199,1,2,3,MAINTENANCE_REQUIRED
371,5,0,1,0,29,1,4,3,HEALTHY
81,1,0,0,0,81,1,4,3,HEALTHY
175,1,1,6,0,102,1,4,3,HEALTHY
1053,22,7,10,0,263,0,1,1,REPLACE_SOON
1488,27,7,9,1,7,0,1,3,REPLACE_SOON
479,4,1,2,0,100,0,3,3,HEALTHY
823,10,3,5,0,116,0,2,3,MAINTENANCE_REQUIRED
15,3,0,0,0,15,1,4,3,HEALTHY
87,0,0,0,0,87,0,4,3,HEALTHY
62,0,0,0,0,62,1,4,3,HEALTHY
28,2,0,0,0,28,1,4,3,HEALTHY
266,2,1,2,0,37,1,4,3,HEALTHY
248,1,1,2,0,120,1,4,3,HEALTHY
1030,13,0,1,0,67,0,3,3,HEALTHY
295,3,0,2,0,198,1,4,3,HEALTHY
21,2,0,0,0,21,0,4,3,HEALTHY
855,13,3,4,0,80,1,3,3,HEALTHY
151,2,0,1,0,2,0,4,3,HEALTHY
25,2,1,0,0,25,1,4,3,HEALTHY
240,6,0,1,0,192,1,4,3,HEALTHY
1201,10,5,7,2,6,0,1,1,REPLACE_SOON
544,5,0,0,0,544,1,3,2,HEALTHY
165,0,0,1,0,13,1,4,3,HEALTHY
1000,24,4,7,0,60,0,2,3,MAINTENANCE_REQUIRED
279,4,1,1,0,60,0,3,3,HEALTHY
16,0,1,0,0,16,1,4,3,HEALTHY
858,12,4,5,0,2,0,2,3,MAINTENANCE_REQUIRED
94,0,1,0,0,94,1,4,3,HEALTHY
75,0,0,0,0,75,1,4,3,HEALTHY
289,4,0,0,0,289,1,4,2,HEALTHY
582,8,1,2,0,2,1,4,3,HEALTHY
802,11,4,6,1,6,0,1,1,MAINTENANCE_REQUIRED
478,8,0,2,0,66,1,4,3,HEALTHY
238,4,1,3,0,191,1,4,3,HEALTHY
553,14,2,3,0,33,1,3,3,HEALTHY
231,3,1,1,0,172,1,4,3,HEALTHY
893,16,6,6,0,483,0,1,2,REPLACE_SOON
435,9,0,1,0,48,1,4,3,HEALTHY
961,14,3,4,0,194,1,2,3,MAINTENANCE_REQUIRED
998,17,6,8,1,181,0,1,1,REPLACE_SOON
443,11,1,2,0,189,0,3,3,HEALTHY
158,0,0,0,0,158,0,3,3,HEALTHY
294,4,1,1,0,172,0,3,3,HEALTHY
182,6,0,1,0,70,1,4,3,HEALTHY
80,1,0,0,0,80,1,4,3,HEALTHY
715,11,4,7,0,55,1,2,3,HEALTHY
925,21,8,9,1,18,0,1,1,REPLACE_SOON
84,0,1,0,0,84,1,4,3,HEALTHY
2500,38,15,18,6,192,0,1,1,REPLACE_SOON
1169,20,4,6,2,82,0,1,1,REPLACE_SOON
117,0,0,0,0,117,1,4,3,HEALTHY
493,8,3,6,0,228,1,2,3,MAINTENANCE_REQUIRED
135,3,0,0,0,135,1,4,3,HEALTHY
970,12,5,6,0,208,0,1,1,MAINTENANCE_REQUIRED
153,2,0,1,0,30,1,4,3,HEALTHY
268,2,1,3,0,7,1,4,3,HEALTHY
44,0,0,0,0,44,1,4,3,HEALTHY
77,0,0,0,0,77,1,4,3,HEALTHY
258,2,1,2,0,11,1,4,3,HEALTHY
626,9,2,5,1,423,0,1,1,MAINTENANCE_REQUIRED
108,1,1,0,0,108,1,4,3,HEALTHY
328,3,2,5,0,19,1,4,3,HEALTHY
144,1,0,0,0,144,1,4,3,HEALTHY
225,2,1,1,0,135,0,3,3,HEALTHY
1273,30,5,7,1,187,0,1,3,REPLACE_SOON
890,9,3,3,0,165,1,2,3,MAINTENANCE_REQUIRED
26,0,0,0,0,26,1,4,3,HEALTHY
57,1,0,0,0,57,1,4,3,HEALTHY
938,14,5,7,1,62,0,1,1,MAINTENANCE_REQUIRED
166,1,0,0,0,166,1,4,3,HEALTHY
523,14,2,2,0,56,1,3,3,HEALTHY
581,10,0,2,0,8,1,4,3,HEALTHY
219,4,1,3,0,5,1,4,3,HEALTHY
447,5,0,1,1,15,1,4,3,HEALTHY
329,7,1,1,0,232,1,3,3,HEALTHY
126,2,1,0,0,126,1,4,3,HEALTHY
200,1,0,1,0,65,1,4,3,HEALTHY
107,0,0,0,0,107,1,4,3,HEALTHY
123,0,0,0,0,123,0,3,3,HEALTHY
214,3,1,0,0,214,1,4,3,HEALTHY
1263,29,7,9,0,182,0,1,1,REPLACE_SOON
122,2,0,0,0,122,1,4,3,HEALTHY
1541,30,7,10,0,23,0,1,1,REPLACE_SOON
496,6,1,1,0,45,1,4,3,HEALTHY
1107,22,7,11,1,51,0,1,1,REPLACE_SOON
436,2,1,1,0,144,1,4,3,HEALTHY
210,2,1,2,0,5,1,4,3,HEALTHY
567,9,0,2,0,82,0,3,3,HEALTHY
441,7,1,1,0,27,1,4,3,HEALTHY
257,6,0,0,0,257,1,4,2,HEALTHY
157,3,1,1,0,157,1,4,3,HEALTHY
272,4,1,0,0,272,1,3,2,HEALTHY
503,4,1,6,1,399,1,2,3,MAINTENANCE_REQUIRED
99,0,0,0,0,99,1,4,3,HEALTHY
201,5,0,2,0,75,1,4,3,HEALTHY
596,11,0,2,0,146,0,3,3,HEALTHY
287,5,0,0,0,287,1,4,3,HEALTHY
1121,16,14,15,0,195,0,1,1,REPLACE_SOON
444,5,0,4,0,172,0,3,3,HEALTHY
451,5,1,0,1,451,1,2,2,MAINTENANCE_REQUIRED
735,10,1,4,1,398,0,2,3,MAINTENANCE_REQUIRED
304,6,0,3,0,250,1,4,3,HEALTHY
210,4,1,2,0,63,1,4,3,HEALTHY
425,3,2,4,0,47,0,3,3,HEALTHY
754,20,1,2,0,32,0,3,3,HEALTHY
310,3,0,2,0,122,1,4,3,HEALTHY
233,2,1,2,1,22,1,3,3,HEALTHY
312,7,1,1,0,312,1,3,2,HEALTHY
18,2,0,0,0,18,1,4,3,HEALTHY
69,1,0,0,0,69,1,4,3,HEALTHY
695,13,0,3,0,124,1,4,3,HEALTHY
280,8,0,0,0,280,1,4,2,HEALTHY
449,6,2,4,0,25,1,3,3,HEALTHY
861,16,1,1,0,16,1,3,3,HEALTHY
384,8,0,2,0,384,0,3,3,MAINTENANCE_REQUIRED
25,2,0,0,0,25,1,4,3,HEALTHY
268,3,1,1,0,268,1,3,3,HEALTHY
910,21,4,4,0,28,0,2,3,MAINTENANCE_REQUIRED
379,7,1,1,0,49,1,4,3,HEALTHY
101,1,1,0,0,101,1,4,3,HEALTHY
961,19,5,7,0,74,1,2,3,MAINTENANCE_REQUIRED
771,11,2,6,0,2,0,2,3,HEALTHY
56,2,1,0,0,56,1,4,3,HEALTHY
167,2,0,0,0,167,1,4,3,HEALTHY
329,7,1,1,1,27,1,3,3,HEALTHY
143,1,0,0,0,143,1,4,3,HEALTHY
91,1,0,0,0,91,1,4,3,HEALTHY
116,1,0,0,1,116,1,4,3,HEALTHY
55,1,1,0,0,55,1,4,3,HEALTHY
715,9,1,0,0,715,1,2,2,MAINTENANCE_REQUIRED
94,1,1,0,0,94,1,4,3,HEALTHY
589,13,2,5,0,140,0,2,3,MAINTENANCE_REQUIRED
77,1,0,0,0,77,1,4,3,HEALTHY
18,1,0,0,0,18,1,4,3,HEALTHY
150,0,0,0,0,150,0,3,3,HEALTHY
205,2,0,2,0,29,1,4,3,HEALTHY
354,6,1,3,0,209,1,3,3,HEALTHY
797,17,3,6,0,108,0,2,3,MAINTENANCE_REQUIRED
416,12,0,3,0,66,0,3,3,HEALTHY
15,0,0,0,0,15,1,4,3,HEALTHY
876,17,1,2,0,81,0,3,3,HEALTHY
192,2,1,3,0,11,1,4,3,HEALTHY
234,2,0,1,0,44,1,4,3,HEALTHY
782,15,0,3,0,40,0,3,3,HEALTHY
123,6,1,0,0,123,1,4,3,HEALTHY
36,2,0,0,0,36,1,4,3,HEALTHY
85,0,1,0,0,85,1,4,3,HEALTHY
234,3,2,3,0,100,1,3,3,HEALTHY
410,8,0,0,0,410,0,3,2,HEALTHY
119,1,0,0,1,119,1,4,3,HEALTHY
414,9,0,1,0,20,0,4,3,HEALTHY
405,6,1,3,0,158,1,4,3,HEALTHY
927,16,7,12,0,145,0,1,1,REPLACE_SOON
201,5,0,2,0,201,1,4,3,HEALTHY
135,4,0,0,0,135,1,4,3,HEALTHY
514,6,0,1,0,64,1,4,3,HEALTHY
425,7,0,4,0,66,0,3,3,HEALTHY
356,3,1,2,1,15,1,3,3,HEALTHY
512,12,0,3,0,48,1,4,3,HEALTHY
278,2,0,1,0,15,1,4,3,HEALTHY
1397,26,4,6,0,99,0,1,3,MAINTENANCE_REQUIRED
18,0,0,0,0,18,1,4,3,HEALTHY
107,1,0,0,0,107,1,4,3,HEALTHY
108,0,0,0,0,108,1,4,3,HEALTHY
416,5,1,1,1,184,1,3,3,HEALTHY
1046,15,5,7,3,14,0,1,3,MAINTENANCE_REQUIRED
75,2,0,0,0,75,1,4,3,HEALTHY
303,9,0,0,0,303,0,3,2,HEALTHY
978,14,6,7,0,255,0,1,3,REPLACE_SOON
191,1,0,1,0,40,1,4,3,HEALTHY
620,12,3,5,0,35,1,3,3,HEALTHY
763,14,0,4,0,216,0,3,3,MAINTENANCE_REQUIRED
838,8,10,11,0,405,0,1,1,REPLACE_SOON
354,7,0,2,0,70,1,4,3,HEALTHY
40,0,0,0,0,40,1,4,3,HEALTHY
1058,13,5,5,0,24,0,1,1,MAINTENANCE_REQUIRED
87,2,0,0,0,87,1,4,3,HEALTHY
1120,14,7,9,2,81,0,1,1,REPLACE_SOON
475,10,0,3,1,26,1,4,3,HEALTHY
503,4,2,2,0,4,1,3,3,HEALTHY
1006,17,4,4,0,86,0,2,3,MAINTENANCE_REQUIRED
626,12,1,5,0,21,1,4,3,HEALTHY
793,13,1,7,1,10,0,2,3,MAINTENANCE_REQUIRED
544,6,0,3,0,308,0,3,3,MAINTENANCE_REQUIRED
367,9,1,2,0,105,1,4,3,HEALTHY
821,16,5,6,0,37,1,2,3,MAINTENANCE_REQUIRED
1235,18,5,5,0,23,0,1,1,MAINTENANCE_REQUIRED
316,7,1,2,0,230,1,3,3,HEALTHY
627,15,0,2,0,120,0,3,3,HEALTHY
536,6,0,1,0,55,0,3,3,HEALTHY
1040,12,4,6,0,28,0,2,3,MAINTENANCE_REQUIRED
770,9,1,4,0,65,0,3,3,MAINTENANCE_REQUIRED
53,0,0,0,0,53,1,4,3,HEALTHY
69,1,0,0,0,69,1,4,3,HEALTHY
1141,23,3,4,1,135,0,1,1,MAINTENANCE_REQUIRED
185,3,0,1,0,185,1,4,3,HEALTHY
740,8,2,4,1,36,0,2,3,MAINTENANCE_REQUIRED
262,0,1,0,0,262,1,3,2,HEALTHY
1261,18,5,7,0,293,0,1,1,REPLACE_SOON
576,10,0,4,0,195,0,3,3,HEALTHY
69,1,0,0,0,69,1,4,3,HEALTHY
388,6,1,2,1,20,1,3,3,HEALTHY
231,5,0,0,0,231,1,4,3,HEALTHY
547,11,1,2,1,138,1,3,3,HEALTHY
128,1,0,0,0,128,1,4,3,HEALTHY
180,2,1,2,0,0,1,4,3,HEALTHY
71,0,0,0,0,71,1,4,3,HEALTHY
65,2,0,0,0,65,1,4,3,HEALTHY
445,9,2,2,0,53,1,3,3,HEALTHY
170,2,0,1,0,10,1,4,3,HEALTHY
598,11,2,5,0,11,0,3,3,HEALTHY
434,8,1,2,0,140,0,3,3,MAINTENANCE_REQUIRED
340,5,0,2,0,92,1,4,3,HEALTHY
980,18,6,10,1,28,0,1,3,REPLACE_SOON
1190,20,3,4,1,192,0,1,1,MAINTENANCE_REQUIRED
316,0,0,0,0,316,1,4,3,HEALTHY
1523,24,5,8,0,14,0,1,3,MAINTENANCE_REQUIRED
49,1,1,0,0,49,1,4,3,HEALTHY
933,17,3,4,1,21,0,2,3,MAINTENANCE_REQUIRED
323,2,0,1,0,14,1,4,3,HEALTHY
1546,25,10,15,3,53,0,1,3,REPLACE_SOON
231,8,0,0,0,231,1,4,3,HEALTHY
533,2,0,3,0,105,1,4,3,HEALTHY
111,1,0,0,0,111,1,4,3,HEALTHY
72,1,1,0,0,72,1,4,3,HEALTHY
69,0,0,0,0,69,1,4,3,HEALTHY
165,1,0,1,0,32,1,4,3,HEALTHY
705,14,3,7,0,83,1,3,3,HEALTHY
1539,21,8,8,1,8,0,1,1,REPLACE_SOON
552,14,0,1,0,49,0,3,3,HEALTHY
1281,28,4,5,1,60,0,1,1,MAINTENANCE_REQUIRED
453,6,0,3,0,30,1,4,3,HEALTHY
572,8,1,5,0,94,0,3,3,HEALTHY
489,4,0,2,0,16,1,4,3,HEALTHY
488,7,0,2,0,302,1,3,2,HEALTHY
589,9,0,3,0,1,0,3,3,HEALTHY
599,9,0,2,0,31,1,4,3,HEALTHY
976,14,10,12,2,41,0,1,3,REPLACE_SOON
57,1,0,0,0,57,1,4,3,HEALTHY
710,6,0,5,0,26,0,3,3,HEALTHY
452,10,0,1,0,116,0,3,3,HEALTHY
339,4,2,3,0,2,0,3,3,HEALTHY
692,6,3,10,1,52,0,2,3,MAINTENANCE_REQUIRED
547,13,0,4,0,179,0,3,3,HEALTHY
169,4,0,0,0,169,1,4,3,HEALTHY
774,15,0,2,0,169,1,4,3,HEALTHY
143,0,0,0,0,143,1,4,3,HEALTHY
153,2,0,1,0,6,1,4,3,HEALTHY
367,5,1,2,0,1,0,3,3,HEALTHY
73,0,1,0,0,73,1,4,3,HEALTHY
386,3,1,5,0,151,0,3,3,HEALTHY
730,16,0,1,0,9,0,3,3,HEALTHY
645,10,0,4,0,23,1,4,3,HEALTHY
610,7,2,2,0,54,1,3,3,HEALTHY
181,4,0,0,1,181,1,3,3,HEALTHY
986,14,1,1,0,88,0,2,3,MAINTENANCE_REQUIRED
102,0,0,0,0,102,1,4,3,HEALTHY
1375,16,6,9,0,18,0,1,3,REPLACE_SOON
626,8,1,2,0,17,0,3,3,HEALTHY
152,2,1,2,0,24,1,4,3,HEALTHY
212,1,0,1,0,212,1,4,3,HEALTHY
322,6,0,1,0,91,1,4,3,HEALTHY
121,2,0,0,0,121,0,3,3,HEALTHY
571,9,1,5,0,139,1,3,3,HEALTHY
269,6,0,1,0,62,1,4,3,HEALTHY
712,7,1,5,0,84,0,3,3,HEALTHY
511,9,0,1,0,141,0,3,3,HEALTHY
689,10,2,3,0,23,1,3,3,HEALTHY
1451,26,11,13,6,230,0,1,1,REPLACE_SOON
1079,24,10,12,0,256,0,1,1,REPLACE_SOON
452,6,1,3,0,81,1,4,3,HEALTHY
487,6,1,2,0,94,1,4,3,HEALTHY
460,7,1,2,0,225,1,3,3,HEALTHY
381,3,1,1,0,274,1,3,2,HEALTHY
1079,17,2,6,0,121,0,2,3,MAINTENANCE_REQUIRED
118,1,0,0,0,118,1,4,3,HEALTHY
564,9,1,4,0,23,1,4,3,HEALTHY
555,9,0,1,0,171,0,3,3,HEALTHY
157,2,0,2,0,157,1,4,3,HEALTHY
461,10,0,2,0,271,1,4,3,HEALTHY
830,14,10,13,1,28,0,1,1,MAINTENANCE_REQUIRED
1294,21,6,8,1,22,0,1,3,REPLACE_SOON
290,5,1,2,0,11,0,3,3,HEALTHY
508,11,2,4,0,127,1,3,3,HEALTHY
1384,20,5,9,0,233,0,1,3,REPLACE_SOON
104,2,0,0,0,104,1,4,3,HEALTHY
402,8,0,1,0,59,0,3,3,HEALTHY
288,4,0,0,0,288,1,4,3,HEALTHY
814,6,1,2,0,28,0,3,3,MAINTENANCE_REQUIRED
97,2,0,0,0,97,0,4,3,HEALTHY
107,1,0,0,0,107,1,4,3,HEALTHY
469,9,1,3,0,276,0,2,2,MAINTENANCE_REQUIRED
673,13,0,3,1,57,1,3,3,HEALTHY
118,0,0,0,0,118,1,4,3,HEALTHY
430,9,1,0,0,430,0,2,2,MAINTENANCE_REQUIRED
380,3,0,1,0,17,0,4,3,HEALTHY
2500,42,9,15,2,448,0,1,2,REPLACE_SOON
108,2,0,0,0,108,1,4,3,HEALTHY
1136,19,4,7,0,1,0,2,3,MAINTENANCE_REQUIRED
369,4,1,3,0,14,1,4,3,HEALTHY
819,11,5,6,0,87,0,1,3,REPLACE_SOON
223,4,1,1,0,45,1,4,3,HEALTHY
90,1,0,0,0,90,1,4,3,HEALTHY
979,24,7,7,0,247,0,1,1,REPLACE_SOON
310,4,0,1,0,76,1,4,3,HEALTHY
515,9,1,3,0,14,1,4,3,HEALTHY
1061,17,4,5,1,6,0,1,1,MAINTENANCE_REQUIRED
145,0,0,0,0,145,1,4,3,HEALTHY
458,6,0,1,1,270,0,2,2,MAINTENANCE_REQUIRED
577,8,0,4,0,9,0,3,3,HEALTHY
164,1,1,2,0,37,1,4,3,HEALTHY
944,12,2,7,3,24,1,2,3,MAINTENANCE_REQUIRED
2500,41,8,16,3,16,0,1,3,REPLACE_SOON
1015,17,5,9,0,77,0,1,1,MAINTENANCE_REQUIRED
107,0,1,0,0,107,1,4,3,HEALTHY
89,2,0,0,0,89,1,4,3,HEALTHY
278,4,0,1,0,248,1,4,3,HEALTHY
552,5,2,2,0,33,0,3,3,HEALTHY
1360,21,8,11,1,99,0,1,1,REPLACE_SOON
1131,20,9,11,1,24,0,1,1,MAINTENANCE_REQUIRED
511,8,1,2,0,70,0,3,3,HEALTHY
227,5,1,2,0,188,1,4,3,HEALTHY
284,3,1,2,0,35,1,4,3,HEALTHY
1543,20,8,10,0,83,0,1,3,REPLACE_SOON
475,9,3,3,0,76,1,3,3,HEALTHY
138,1,0,0,0,138,1,4,3,HEALTHY
1159,13,4,7,0,49,0,2,3,MAINTENANCE_REQUIRED
121,4,0,0,0,121,1,4,3,HEALTHY
619,12,2,7,0,39,1,3,3,HEALTHY
545,8,0,2,0,138,1,4,3,HEALTHY
653,10,2,4,0,68,1,3,3,HEALTHY
1003,16,9,10,1,118,0,1,3,REPLACE_SOON
47,0,0,0,0,47,1,4,3,HEALTHY
38,0,0,0,0,38,0,4,3,HEALTHY
227,0,1,1,0,112,1,4,3,HEALTHY
1502,29,4,8,0,33,0,1,3,MAINTENANCE_REQUIRED
245,4,0,0,0,245,1,4,3,HEALTHY
155,2,0,0,0,155,1,4,3,HEALTHY
573,8,1,2,0,73,0,3,3,HEALTHY
24,1,0,0,0,24,1,4,3,HEALTHY
125,2,0,0,0,125,1,4,3,HEALTHY
283,5,0,1,0,103,1,4,3,HEALTHY
72,1,1,0,0,72,1,4,3,HEALTHY
121,1,0,0,0,121,1,4,3,HEALTHY
165,2,0,1,0,165,1,4,3,HEALTHY
581,9,0,3,0,96,0,3,3,HEALTHY
167,2,0,1,0,88,1,4,3,HEALTHY
24,0,0,0,0,24,1,4,3,HEALTHY
215,4,1,0,0,215,1,4,3,HEALTHY
624,14,3,6,0,119,0,2,3,MAINTENANCE_REQUIRED
902,19,8,11,0,48,0,1,1,REPLACE_SOON
1263,29,5,8,0,124,0,1,3,MAINTENANCE_REQUIRED
263,2,0,4,0,73,1,4,3,HEALTHY
377,4,1,1,1,36,0,2,3,MAINTENANCE_REQUIRED
588,15,2,4,0,9,1,3,3,HEALTHY
442,9,0,2,0,122,1,4,3,HEALTHY
19,1,0,0,0,19,1,4,3,HEALTHY
38,2,1,0,0,38,1,4,3,HEALTHY
16,2,1,0,0,16,1,4,3,HEALTHY
1550,19,8,13,1,69,0,1,3,REPLACE_SOON
792,13,1,4,0,288,0,2,2,MAINTENANCE_REQUIRED
280,5,0,1,1,194,1,3,3,HEALTHY
261,6,1,0,0,261,1,3,3,HEALTHY
864,8,3,5,0,83,1,3,3,HEALTHY
1858,28,11,13,2,59,0,1,3,REPLACE_SOON
137,1,0,0,0,137,1,4,3,HEALTHY
15,2,0,0,0,15,1,4,3,HEALTHY
864,12,6,7,0,29,0,1,1,REPLACE_SOON
323,4,1,2,0,88,1,4,3,HEALTHY
715,7,0,3,1,240,0,2,3,MAINTENANCE_REQUIRED
190,5,0,0,0,190,1,4,3,HEALTHY
38,3,0,0,0,38,1,4,3,HEALTHY
771,8,2,4,0,51,0,2,3,MAINTENANCE_REQUIRED
353,4,0,1,0,353,0,3,2,MAINTENANCE_REQUIRED
110,1,1,0,0,110,1,4,3,HEALTHY
90,0,0,0,0,90,1,4,3,HEALTHY
155,2,0,0,0,155,0,3,3,HEALTHY
1065,15,3,5,0,184,0,2,3,MAINTENANCE_REQUIRED
78,2,1,0,0,78,0,3,3,HEALTHY
229,5,1,0,0,229,1,3,3,HEALTHY
577,6,0,1,0,102,0,3,3,HEALTHY
15,1,0,0,0,15,1,4,3,HEALTHY
60,1,0,0,0,60,1,4,3,HEALTHY
1021,23,6,7,0,61,0,1,1,REPLACE_SOON
699,10,1,2,0,53,1,4,3,HEALTHY
165,3,0,0,0,165,1,4,3,HEALTHY
21,0,0,0,0,21,1,4,3,HEALTHY
1107,16,4,6,0,127,0,1,3,MAINTENANCE_REQUIRED
29,0,0,0,0,29,0,4,3,HEALTHY
270,2,0,1,0,39,1,4,3,HEALTHY
209,3,0,1,0,139,1,4,3,HEALTHY
683,16,2,4,0,89,0,2,3,MAINTENANCE_REQUIRED
579,8,0,4,0,69,1,4,3,HEALTHY
174,4,1,2,0,24,1,4,3,HEALTHY
195,1,0,2,0,85,1,4,3,HEALTHY
99,1,0,0,0,99,1,4,3,HEALTHY
548,16,0,2,0,131,0,3,3,HEALTHY
284,4,0,1,0,9,1,4,3,HEALTHY
830,6,4,4,2,34,0,1,1,REPLACE_SOON
93,1,1,0,0,93,1,4,3,HEALTHY
685,9,2,4,1,271,1,2,2,MAINTENANCE_REQUIRED
460,6,0,1,0,22,0,3,3,HEALTHY
597,11,2,5,0,194,1,3,3,HEALTHY
264,7,0,0,0,264,1,4,3,HEALTHY
33,4,0,0,0,33,1,4,3,HEALTHY
629,14,1,6,0,19,1,4,3,HEALTHY
915,19,4,4,0,43,0,2,3,MAINTENANCE_REQUIRED
667,16,1,2,0,66,1,4,3,HEALTHY
297,2,0,1,0,44,0,4,3,HEALTHY
32,0,0,0,0,32,1,4,3,HEALTHY
81,2,0,0,0,81,1,4,3,HEALTHY
896,16,1,2,0,184,0,2,3,MAINTENANCE_REQUIRED
607,10,1,5,0,9,0,3,3,HEALTHY
801,14,1,1,0,45,0,3,3,HEALTHY
400,7,2,5,0,107,1,3,3,HEALTHY
69,0,0,0,0,69,1,4,3,HEALTHY
681,8,1,3,0,210,0,2,3,MAINTENANCE_REQUIRED
260,1,0,1,0,153,1,4,3,HEALTHY
392,2,1,1,0,18,1,4,3,HEALTHY
568,13,0,3,0,34,0,3,3,HEALTHY
1125,20,8,11,2,29,0,1,1,REPLACE_SOON
707,11,1,3,0,71,0,3,3,HEALTHY
419,5,0,4,0,24,0,3,3,HEALTHY
1050,21,6,9,0,69,1,2,3,MAINTENANCE_REQUIRED
256,6,0,1,0,99,1,4,3,HEALTHY
581,11,2,6,0,344,1,3,3,HEALTHY
577,10,1,4,0,151,1,3,3,HEALTHY
114,5,1,0,0,114,1,4,3,HEALTHY
284,6,1,0,0,284,1,3,3,HEALTHY
269,3,1,0,0,269,1,3,3,HEALTHY
299,4,1,1,0,181,1,4,3,HEALTHY
1443,23,5,8,1,64,0,1,1,REPLACE_SOON
40,3,0,0,0,40,1,4,3,HEALTHY
836,9,5,6,0,6,0,2,3,MAINTENANCE_REQUIRED
1455,23,4,7,1,250,0,1,3,REPLACE_SOON
567,8,1,2,0,121,0,3,3,HEALTHY
541,10,1,1,0,48,1,4,3,HEALTHY
218,4,0,0,0,218,1,4,3,HEALTHY
84,0,0,0,0,84,1,4,3,HEALTHY
585,12,1,3,0,205,1,3,3,HEALTHY
251,7,1,0,0,251,1,3,3,HEALTHY
379,11,0,1,0,89,1,4,3,HEALTHY
153,2,0,2,0,36,1,4,3,HEALTHY
753,9,1,2,0,88,0,3,3,MAINTENANCE_REQUIRED
1239,21,6,7,0,535,0,1,1,REPLACE_SOON
284,9,0,2,0,81,1,4,3,HEALTHY
719,5,0,5,0,71,0,3,3,HEALTHY
422,2,0,0,0,422,1,3,3,HEALTHY
93,2,0,0,0,93,1,4,3,HEALTHY
2500,43,13,16,1,7,0,1,1,REPLACE_SOON
1243,13,4,6,0,134,0,1,1,MAINTENANCE_REQUIRED
638,15,2,4,0,264,0,2,2,MAINTENANCE_REQUIRED
2280,26,8,11,2,132,0,1,3,REPLACE_SOON
23,0,0,0,0,23,1,4,3,HEALTHY
233,4,0,0,0,233,0,3,3,HEALTHY
132,2,0,0,0,132,1,4,3,HEALTHY
905,15,4,6,2,69,0,1,1,MAINTENANCE_REQUIRED
1292,26,1,3,0,134,0,2,3,MAINTENANCE_REQUIRED
137,3,1,0,0,137,1,4,3,HEALTHY
147,2,0,0,0,147,1,4,3,HEALTHY
820,19,3,4,1,34,0,2,3,MAINTENANCE_REQUIRED
109,1,0,0,0,109,1,4,3,HEALTHY
503,9,3,4,0,90,0,2,3,MAINTENANCE_REQUIRED
1272,23,7,11,1,35,0,1,3,REPLACE_SOON
1855,37,8,12,2,11,0,1,3,REPLACE_SOON
110,0,0,0,0,110,1,4,3,HEALTHY
92,2,1,0,0,92,1,4,3,HEALTHY
131,0,1,0,0,131,1,4,3,HEALTHY
380,5,1,2,0,6,0,3,3,HEALTHY
70,0,0,0,0,70,0,4,3,HEALTHY
865,20,3,6,0,59,0,2,3,MAINTENANCE_REQUIRED
166,2,0,0,0,166,1,4,3,HEALTHY
110,0,0,0,0,110,1,4,3,HEALTHY
280,6,1,1,0,0,0,3,3,HEALTHY
159,2,1,1,0,159,1,4,3,HEALTHY
785,6,2,5,0,30,0,2,3,MAINTENANCE_REQUIRED
793,12,1,3,0,91,0,3,3,MAINTENANCE_REQUIRED
239,2,0,3,0,30,1,4,3,HEALTHY
182,1,0,2,0,0,1,4,3,HEALTHY
473,2,0,1,0,182,1,4,3,HEALTHY
472,3,2,5,0,48,0,3,3,HEALTHY
494,9,1,3,0,75,0,3,3,HEALTHY
798,12,0,5,0,165,0,3,3,HEALTHY
409,6,1,2,0,1,0,3,3,HEALTHY
748,7,0,2,0,30,1,4,3,HEALTHY
1545,18,11,13,0,137,0,1,3,REPLACE_SOON
993,13,1,3,0,28,0,3,3,MAINTENANCE_REQUIRED
448,10,0,2,0,116,1,4,3,HEALTHY
882,15,5,6,2,4,0,1,1,MAINTENANCE_REQUIRED
636,18,0,3,0,13,1,4,3,HEALTHY
1570,23,10,14,0,67,0,1,1,REPLACE_SOON
269,5,0,0,0,269,1,4,3,HEALTHY
967,10,2,4,0,170,0,2,3,MAINTENANCE_REQUIRED
169,3,0,0,0,169,1,4,3,HEALTHY
219,0,0,2,0,40,0,4,3,HEALTHY
1236,23,3,4,2,38,0,1,1,REPLACE_SOON
1357,32,4,7,2,237,0,1,3,REPLACE_SOON
223,5,0,1,1,65,0,3,3,HEALTHY
23,2,0,0,0,23,1,4,3,HEALTHY
95,0,1,0,0,95,1,4,3,HEALTHY
15,0,0,0,0,15,1,4,3,HEALTHY
1830,26,10,13,1,16,0,1,1,REPLACE_SOON
127,1,0,0,0,127,1,4,3,HEALTHY
27,1,0,0,0,27,1,4,3,HEALTHY
145,3,0,0,0,145,1,4,3,HEALTHY
604,11,0,2,0,136,0,3,3,HEALTHY
1920,30,5,8,0,191,0,1,3,REPLACE_SOON
1434,31,2,6,1,74,0,1,3,MAINTENANCE_REQUIRED
732,12,2,6,0,93,0,2,3,MAINTENANCE_REQUIRED
1257,25,10,13,0,36,0,1,1,REPLACE_SOON
286,5,0,1,0,39,1,4,3,HEALTHY
181,3,0,0,0,181,0,3,3,HEALTHY
700,12,2,7,1,73,1,2,3,HEALTHY
1617,23,6,7,1,54,0,1,1,REPLACE_SOON
215,3,0,0,0,215,1,4,3,HEALTHY
133,4,0,0,0,133,1,4,3,HEALTHY
322,8,0,1,0,103,0,3,3,HEALTHY
430,11,0,0,0,430,0,2,3,MAINTENANCE_REQUIRED
36,2,0,0,0,36,1,4,3,HEALTHY
376,4,1,3,0,69,1,4,3,HEALTHY
377,8,0,2,1,35,1,4,3,HEALTHY
479,15,0,2,0,6,0,3,3,HEALTHY
709,19,1,4,0,17,1,4,3,HEALTHY
1000,12,8,9,2,11,0,1,1,REPLACE_SOON
255,6,0,1,0,37,1,4,3,HEALTHY
1262,22,8,12,1,139,0,1,3,REPLACE_SOON
420,7,0,0,0,420,1,3,2,HEALTHY
443,5,1,3,0,28,0,3,3,HEALTHY
141,0,0,0,0,141,1,4,3,HEALTHY
579,8,3,3,0,402,1,2,3,MAINTENANCE_REQUIRED
156,1,0,1,0,45,1,4,3,HEALTHY
272,2,0,1,0,24,1,4,3,HEALTHY
688,11,1,3,0,29,1,4,3,HEALTHY
211,2,0,0,0,211,1,4,3,HEALTHY
465,6,1,2,0,70,0,3,3,HEALTHY
177,3,0,0,0,177,1,4,3,HEALTHY
24,0,1,0,0,24,1,4,3,HEALTHY
265,4,0,0,0,265,1,4,3,HEALTHY
553,5,0,7,0,8,0,3,3,HEALTHY
71,1,1,0,0,71,1,4,3,HEALTHY
162,2,0,2,0,69,1,4,3,HEALTHY
337,2,0,1,0,132,1,4,3,HEALTHY
197,3,2,2,0,77,1,3,3,HEALTHY
323,4,1,3,0,53,1,4,3,HEALTHY
2104,29,6,7,1,69,0,1,1,REPLACE_SOON
1365,20,3,8,0,28,0,2,3,MAINTENANCE_REQUIRED
52,1,0,0,0,52,1,4,3,HEALTHY
244,4,1,0,0,244,1,3,3,HEALTHY
716,12,2,3,1,14,0,2,3,MAINTENANCE_REQUIRED
665,7,2,3,1,62,0,2,3,MAINTENANCE_REQUIRED
1357,21,4,10,0,58,0,1,3,MAINTENANCE_REQUIRED
199,3,1,0,0,199,1,4,3,HEALTHY
123,3,0,0,0,123,1,4,3,HEALTHY
72,1,0,0,0,72,1,4,3,HEALTHY
166,3,0,0,0,166,1,4,3,HEALTHY
617,12,1,8,0,21,0,3,3,HEALTHY
29,3,0,0,0,29,1,4,3,HEALTHY
355,2,0,2,0,306,1,4,2,HEALTHY
147,2,1,0,0,147,1,4,3,HEALTHY
529,7,1,2,0,31,0,3,3,HEALTHY
309,3,0,1,0,136,0,3,3,HEALTHY
283,7,0,1,0,54,1,4,3,HEALTHY
846,8,1,4,1,208,1,2,3,MAINTENANCE_REQUIRED
31,1,0,0,0,31,1,4,3,HEALTHY
201,2,0,1,0,49,1,4,3,HEALTHY
112,1,0,0,0,112,1,4,3,HEALTHY
580,8,1,3,0,11,1,4,3,HEALTHY
151,3,0,0,0,151,1,4,3,HEALTHY
122,1,0,0,0,122,1,4,3,HEALTHY
183,4,0,1,0,4,1,4,3,HEALTHY
562,12,0,5,0,38,0,3,3,HEALTHY
37,3,0,0,0,37,1,4,3,HEALTHY
334,2,0,1,0,149,0,3,3,HEALTHY
202,5,0,0,0,202,1,4,3,HEALTHY
1252,22,4,5,1,153,0,1,1,MAINTENANCE_REQUIRED
464,12,0,2,0,1,0,4,3,HEALTHY
757,15,1,4,1,76,0,2,3,MAINTENANCE_REQUIRED
1167,20,5,5,0,50,0,1,3,MAINTENANCE_REQUIRED
452,6,1,4,0,216,1,3,3,HEALTHY
682,13,2,7,1,682,1,1,3,MAINTENANCE_REQUIRED
377,7,0,1,0,377,0,3,2,HEALTHY
64,0,0,0,0,64,1,4,3,HEALTHY
379,5,2,4,0,92,0,3,3,MAINTENANCE_REQUIRED
669,10,0,2,1,146,0,2,3,MAINTENANCE_REQUIRED
947,20,4,4,2,174,0,1,3,REPLACE_SOON
467,10,0,0,0,467,1,3,3,HEALTHY
724,13,2,4,0,93,1,3,3,HEALTHY
151,0,0,0,0,151,1,4,3,HEALTHY
309,6,0,2,0,35,1,4,3,HEALTHY
1245,26,5,6,1,213,0,1,3,MAINTENANCE_REQUIRED
237,6,1,0,0,237,0,3,3,MAINTENANCE_REQUIRED
437,11,1,3,0,2,0,3,3,HEALTHY
828,22,4,7,0,5,0,2,3,MAINTENANCE_REQUIRED
441,3,0,1,0,18,1,4,3,HEALTHY
228,4,1,0,0,228,1,3,3,HEALTHY
230,3,1,2,0,115,1,4,3,HEALTHY
82,0,0,0,0,82,1,4,3,HEALTHY
1063,23,6,12,0,304,0,1,1,REPLACE_SOON
196,9,0,1,0,181,1,4,3,HEALTHY
206,2,0,0,0,206,1,4,3,HEALTHY
1393,24,9,11,3,10,0,1,1,REPLACE_SOON
561,12,0,4,0,147,0,3,3,HEALTHY
1022,18,6,7,1,0,0,1,1,REPLACE_SOON
2500,43,12,17,5,0,0,1,3,REPLACE_SOON
214,1,1,0,0,214,1,4,3,HEALTHY
68,2,1,0,0,68,1,4,3,HEALTHY
292,1,0,0,0,292,1,4,2,HEALTHY
522,6,2,3,0,95,1,3,3,HEALTHY
135,0,0,0,0,135,0,3,3,HEALTHY
807,8,6,8,1,164,0,1,1,MAINTENANCE_REQUIRED
16,0,0,0,0,16,1,4,3,HEALTHY
61,1,0,0,0,61,1,4,3,HEALTHY
124,3,0,0,0,124,1,4,3,HEALTHY
53,4,0,0,0,53,0,4,3,HEALTHY
1019,11,5,8,1,52,0,1,1,REPLACE_SOON
491,9,1,3,0,46,1,4,3,HEALTHY
364,6,1,4,0,13,0,3,3,HEALTHY
509,7,0,1,0,42,1,4,3,HEALTHY
142,2,0,0,0,142,0,3,3,HEALTHY
228,1,0,1,1,88,1,4,3,HEALTHY
735,11,0,2,0,101,0,3,3,HEALTHY
447,13,1,3,0,52,1,4,3,HEALTHY
1127,18,4,8,2,178,0,1,1,REPLACE_SOON
800,11,2,5,0,82,0,2,3,MAINTENANCE_REQUIRED
591,7,2,3,0,57,0,2,3,MAINTENANCE_REQUIRED
139,2,1,0,0,139,0,3,3,HEALTHY
1377,17,3,5,0,25,0,2,3,MAINTENANCE_REQUIRED
1762,31,4,6,2,289,0,1,3,REPLACE_SOON
32,1,1,0,0,32,1,4,3,HEALTHY
139,1,0,0,0,139,0,3,3,HEALTHY
132,4,1,0,0,132,0,3,3,HEALTHY
89,0,0,0,0,89,1,4,3,HEALTHY
391,6,0,1,0,2,1,4,3,HEALTHY
345,3,0,2,1,13,1,4,3,HEALTHY
825,7,5,8,0,118,1,2,3,MAINTENANCE_REQUIRED
274,3,0,1,0,15,1,4,3,HEALTHY
103,2,1,0,0,103,1,4,3,HEALTHY
17,1,0,0,0,17,1,4,3,HEALTHY
730,12,0,1,0,48,0,3,3,HEALTHY
449,9,0,2,0,127,1,4,3,HEALTHY
1744,27,8,8,0,55,0,1,1,REPLACE_SOON
21,1,0,0,0,21,1,4,3,HEALTHY
28,1,0,0,0,28,1,4,3,HEALTHY
1239,18,3,5,0,97,0,2,3,MAINTENANCE_REQUIRED
180,3,0,2,0,102,1,4,3,HEALTHY
416,10,0,0,0,416,0,3,3,MAINTENANCE_REQUIRED
180,1,0,0,0,180,1,4,3,HEALTHY
139,1,1,0,0,139,1,4,3,HEALTHY
50,2,0,0,0,50,1,4,3,HEALTHY
272,2,0,1,0,109,1,4,3,HEALTHY
684,11,0,5,0,212,0,3,3,MAINTENANCE_REQUIRED
111,2,0,0,0,111,0,4,3,HEALTHY
701,8,0,5,0,4,0,3,3,HEALTHY
331,1,2,3,1,95,1,3,3,HEALTHY
370,10,0,2,1,11,1,4,3,HEALTHY
309,2,1,2,0,124,1,4,3,HEALTHY
559,10,0,3,0,31,0,3,3,HEALTHY
326,4,1,2,0,25,1,4,3,HEALTHY
1128,24,7,11,0,5,0,1,3,REPLACE_SOON
25,0,0,0,0,25,1,4,3,HEALTHY
416,5,0,1,0,25,0,3,3,HEALTHY
554,16,1,6,0,111,0,3,3,HEALTHY
63,0,0,0,0,63,1,4,3,HEALTHY
222,4,0,1,0,59,1,4,3,HEALTHY
100,2,1,0,0,100,1,4,3,HEALTHY
811,12,3,5,3,112,0,1,1,REPLACE_SOON
18,1,0,0,0,18,1,4,3,HEALTHY
1324,26,5,6,1,84,0,1,1,REPLACE_SOON
507,4,1,2,1,253,1,3,2,HEALTHY
90,1,0,0,0,90,1,4,3,HEALTHY
556,8,2,5,0,189,1,3,3,HEALTHY
484,9,0,3,0,24,0,3,3,HEALTHY
230,1,1,5,0,94,1,4,3,HEALTHY
189,6,0,1,0,112,1,4,3,HEALTHY
282,3,1,0,0,282,1,3,2,HEALTHY
661,7,1,1,0,43,0,3,3,HEALTHY
908,18,4,8,0,219,0,1,1,MAINTENANCE_REQUIRED
375,3,0,0,0,375,0,3,3,MAINTENANCE_REQUIRED
265,5,1,0,1,265,1,3,2,HEALTHY
2500,45,11,13,3,394,0,1,1,REPLACE_SOON
361,5,0,2,0,19,1,4,3,HEALTHY
284,5,0,0,0,284,1,4,3,HEALTHY
49,1,1,0,0,49,1,4,3,HEALTHY
346,1,0,2,0,1,1,4,3,HEALTHY
35,2,0,0,0,35,1,4,3,HEALTHY
47,3,0,0,0,47,1,4,3,HEALTHY
338,2,1,1,0,52,1,4,3,HEALTHY
230,0,1,0,1,230,1,3,3,HEALTHY
467,8,0,1,1,262,1,3,2,HEALTHY
103,1,0,0,0,103,1,4,3,HEALTHY
439,9,2,4,1,22,0,2,3,MAINTENANCE_REQUIRED
205,2,2,4,0,205,1,3,3,HEALTHY
624,13,2,5,0,325,0,2,2,MAINTENANCE_REQUIRED
482,8,0,1,0,194,0,3,3,HEALTHY
193,4,0,1,0,193,1,4,3,HEALTHY
1368,23,4,7,1,13,0,1,1,MAINTENANCE_REQUIRED
60,0,0,0,0,60,1,4,3,HEALTHY
244,6,0,0,0,244,0,3,3,HEALTHY
191,2,0,1,0,62,1,4,3,HEALTHY
769,8,0,1,0,16,0,3,3,HEALTHY
714,13,2,6,0,19,1,3,3,HEALTHY
46,2,0,0,0,46,1,4,3,HEALTHY
683,11,0,2,0,59,0,3,3,HEALTHY
16,0,1,0,0,16,1,4,3,HEALTHY
35,1,0,0,0,35,1,4,3,HEALTHY
399,11,1,2,0,161,1,4,3,HEALTHY
589,10,1,7,0,163,0,3,3,HEALTHY
166,2,1,0,0,166,1,4,3,HEALTHY
256,3,1,1,0,26,1,4,3,HEALTHY
194,5,1,1,0,12,1,4,3,HEALTHY
1075,18,9,10,1,47,0,1,3,REPLACE_SOON
393,11,0,1,0,184,1,4,3,HEALTHY
889,20,4,6,0,25,0,2,3,MAINTENANCE_REQUIRED
1297,22,7,11,3,90,0,1,1,REPLACE_SOON
383,7,1,3,0,48,0,3,3,HEALTHY
851,15,4,5,0,97,0,2,3,MAINTENANCE_REQUIRED
210,4,0,0,0,210,0,3,3,HEALTHY
39,0,0,0,0,39,1,4,3,HEALTHY
516,3,0,1,0,273,1,4,2,HEALTHY
977,16,0,2,0,10,1,4,3,HEALTHY
35,3,0,0,0,35,1,4,3,HEALTHY
677,7,1,3,0,70,0,3,3,MAINTENANCE_REQUIRED
490,8,0,3,0,49,1,4,3,HEALTHY
302,5,1,2,1,67,1,3,3,HEALTHY
681,11,1,3,0,33,1,4,3,HEALTHY
60,1,1,0,0,60,1,4,3,HEALTHY
470,8,1,6,0,237,1,3,3,HEALTHY
2500,48,6,13,0,36,0,1,1,REPLACE_SOON
142,3,1,0,0,142,1,4,3,HEALTHY
244,1,0,1,0,10,1,4,3,HEALTHY
402,7,1,3,0,34,0,3,3,HEALTHY
2455,34,10,14,2,141,0,1,3,REPLACE_SOON
1573,29,13,18,2,218,0,1,1,REPLACE_SOON
1102,12,1,6,0,6,0,3,3,HEALTHY
113,1,0,0,0,113,1,4,3,HEALTHY
171,1,0,0,0,171,1,4,3,HEALTHY
294,5,1,2,0,47,1,4,3,HEALTHY
1050,9,7,9,0,22,0,1,3,MAINTENANCE_REQUIRED
202,0,0,1,0,127,1,4,3,HEALTHY
465,6,0,1,0,93,1,4,3,HEALTHY
355,4,0,2,0,2,1,4,3,HEALTHY
275,1,0,2,0,28,1,4,3,HEALTHY
125,4,1,0,0,125,1,4,3,HEALTHY
143,1,1,0,0,143,1,4,3,HEALTHY
1370,27,2,6,2,58,0,1,1,MAINTENANCE_REQUIRED
304,2,0,3,0,37,1,4,3,HEALTHY
428,6,0,1,0,137,0,3,3,HEALTHY
506,9,0,1,0,48,0,3,3,HEALTHY
634,12,0,1,0,39,0,3,3,HEALTHY
2203,42,12,18,1,7,0,1,3,REPLACE_SOON
647,6,0,4,2,5,1,3,3,HEALTHY
497,8,1,4,0,73,0,3,3,HEALTHY
134,1,0,0,0,134,1,4,3,HEALTHY
1928,35,8,11,2,99,0,1,1,REPLACE_SOON
1640,30,3,7,1,21,0,1,3,REPLACE_SOON
236,0,0,2,0,15,1,4,3,HEALTHY
864,14,2,7,0,29,1,3,3,HEALTHY
233,7,0,1,0,48,1,4,3,HEALTHY
829,13,6,7,0,126,0,1,1,MAINTENANCE_REQUIRED
630,11,1,3,0,45,1,4,3,HEALTHY
1035,14,2,2,0,13,0,2,3,MAINTENANCE_REQUIRED
26,0,0,0,0,26,1,4,3,HEALTHY
301,1,2,5,0,46,1,3,3,HEALTHY
881,9,4,5,0,30,1,2,3,MAINTENANCE_REQUIRED
396,6,0,2,0,14,0,4,3,HEALTHY
320,5,0,0,1,320,1,3,2,HEALTHY
479,7,0,1,0,86,1,4,3,HEALTHY
336,3,0,0,0,336,1,4,3,HEALTHY
121,8,1,0,0,121,1,4,3,HEALTHY
74,3,0,0,0,74,1,4,3,HEALTHY
556,6,0,0,0,556,0,2,2,MAINTENANCE_REQUIRED
1675,23,4,10,2,81,0,1,1,REPLACE_SOON
1144,15,8,9,0,6,0,1,3,REPLACE_SOON
2427,40,10,17,1,100,0,1,1,REPLACE_SOON
251,4,1,3,0,21,1,4,3,HEALTHY
702,12,3,5,0,12,1,3,3,HEALTHY
153,3,1,0,0,153,1,4,3,HEALTHY
187,5,1,3,0,66,1,4,3,HEALTHY
56,0,0,0,0,56,1,4,3,HEALTHY
157,3,0,1,0,17,1,4,3,HEALTHY
797,23,0,5,0,64,0,3,3,MAINTENANCE_REQUIRED
225,4,1,0,0,225,1,3,3,HEALTHY
1245,26,6,8,1,74,0,1,1,REPLACE_SOON
811,15,4,5,0,201,0,1,1,MAINTENANCE_REQUIRED
53,2,0,0,0,53,1,4,3,HEALTHY
1754,28,6,9,2,29,0,1,1,REPLACE_SOON
312,1,0,0,0,312,1,4,3,HEALTHY
183,3,0,1,0,5,1,4,3,HEALTHY
325,4,0,2,0,84,1,4,3,HEALTHY
221,2,1,2,0,93,1,4,3,HEALTHY
347,10,1,0,0,347,1,3,3,HEALTHY
190,0,0,1,1,190,1,3,3,HEALTHY
152,2,1,0,0,152,1,4,3,HEALTHY
473,3,1,3,0,32,1,4,3,HEALTHY
212,4,1,0,0,212,1,4,3,HEALTHY
832,9,3,3,1,107,0,1,1,MAINTENANCE_REQUIRED
71,1,0,0,0,71,0,4,3,HEALTHY
49,1,0,0,0,49,1,4,3,HEALTHY
543,11,0,3,0,241,1,4,3,HEALTHY
478,5,0,2,0,15,0,3,3,HEALTHY
96,3,0,0,0,96,1,4,3,HEALTHY
214,5,0,0,0,214,1,4,3,HEALTHY
333,2,1,2,0,21,0,3,3,HEALTHY
328,3,0,0,0,328,1,4,2,HEALTHY
585,6,2,6,0,35,0,3,3,HEALTHY
64,0,0,0,0,64,1,4,3,HEALTHY
371,8,1,1,0,86,0,3,3,HEALTHY
98,0,0,0,0,98,0,4,3,HEALTHY
940,16,4,9,0,101,0,2,3,MAINTENANCE_REQUIRED
896,15,4,5,0,37,0,2,3,MAINTENANCE_REQUIRED
1173,17,11,15,1,62,0,1,1,REPLACE_SOON
658,10,0,3,0,66,0,3,3,HEALTHY
547,10,2,3,0,8,0,3,3,HEALTHY
283,3,0,2,0,132,1,4,3,HEALTHY
39,3,0,0,0,39,1,4,3,HEALTHY
1073,14,8,10,3,27,1,1,1,REPLACE_SOON
964,15,2,3,0,341,0,2,3,MAINTENANCE_REQUIRED
452,8,1,2,0,289,1,3,2,HEALTHY
52,2,1,0,0,52,1,4,3,HEALTHY
1612,27,7,10,1,135,0,1,1,REPLACE_SOON
292,3,0,1,2,27,1,3,3,HEALTHY
1225,25,5,8,0,30,0,1,3,REPLACE_SOON
76,1,0,0,0,76,1,4,3,HEALTHY
763,10,0,4,0,9,1,4,3,HEALTHY
490,6,3,4,0,57,1,3,3,HEALTHY
338,2,0,2,0,95,1,4,3,HEALTHY
1170,28,3,8,1,177,0,1,3,REPLACE_SOON
846,13,5,7,0,481,1,1,1,MAINTENANCE_REQUIRED
659,13,0,2,0,113,0,3,3,HEALTHY
343,4,2,4,0,0,1,4,3,HEALTHY
169,2,0,1,0,70,1,4,3,HEALTHY
252,5,0,0,0,252,1,4,2,HEALTHY
1004,18,7,10,0,350,0,1,3,REPLACE_SOON
1166,15,5,6,0,76,0,1,1,MAINTENANCE_REQUIRED
488,4,2,6,0,7,1,3,3,HEALTHY
1472,22,4,5,0,134,0,1,1,REPLACE_SOON
869,17,12,12,1,327,1,1,3,REPLACE_SOON
1174,10,4,4,1,179,0,1,1,REPLACE_SOON
293,6,0,1,0,54,1,4,3,HEALTHY
721,12,1,4,1,40,0,2,3,MAINTENANCE_REQUIRED
271,3,0,0,0,271,1,4,3,HEALTHY
120,2,0,0,0,120,1,4,3,HEALTHY
343,5,1,2,0,87,1,4,3,HEALTHY
307,4,1,2,1,53,1,3,3,HEALTHY
499,6,1,2,0,28,1,4,3,HEALTHY
250,4,0,0,0,250,1,4,3,HEALTHY
21,0,0,0,0,21,1,4,3,HEALTHY
287,3,0,0,0,287,1,4,2,HEALTHY
1105,11,3,5,0,44,0,2,3,MAINTENANCE_REQUIRED
190,2,1,1,1,70,1,3,3,HEALTHY
971,23,3,4,1,74,0,1,1,MAINTENANCE_REQUIRED
103,1,1,0,0,103,0,3,3,HEALTHY
430,5,0,1,1,150,0,3,3,HEALTHY
83,2,0,0,0,83,1,4,3,HEALTHY
309,8,0,1,0,28,1,4,3,HEALTHY
95,0,0,0,0,95,1,4,3,HEALTHY
789,25,2,7,0,44,0,2,3,MAINTENANCE_REQUIRED
137,0,0,0,0,137,1,4,3,HEALTHY
95,1,1,0,0,95,1,4,3,HEALTHY
2221,46,8,12,3,5,0,1,1,REPLACE_SOON
288,3,0,1,0,53,1,4,3,HEALTHY
29,1,0,0,0,29,1,4,3,HEALTHY
260,4,0,0,0,260,1,4,2,HEALTHY
1150,18,3,5,0,59,0,2,3,MAINTENANCE_REQUIRED
731,11,3,3,0,22,0,2,3,MAINTENANCE_REQUIRED
879,13,3,4,0,145,0,2,3,MAINTENANCE_REQUIRED
544,9,0,2,1,188,0,2,3,MAINTENANCE_REQUIRED
135,3,1,0,0,135,1,4,3,HEALTHY
812,11,2,6,0,32,0,2,3,MAINTENANCE_REQUIRED
533,7,0,0,0,533,0,2,2,MAINTENANCE_REQUIRED
903,22,5,6,1,2,0,1,3,MAINTENANCE_REQUIRED
269,4,1,0,0,269,1,3,3,HEALTHY
791,10,1,5,0,112,0,3,3,MAINTENANCE_REQUIRED
2500,28,14,17,3,77,0,1,3,REPLACE_SOON
413,3,0,4,0,12,1,4,3,HEALTHY
23,1,1,0,0,23,1,4,3,HEALTHY
373,5,2,2,0,10,1,4,3,HEALTHY
765,17,3,8,0,76,1,3,3,HEALTHY
1456,21,5,9,1,84,0,1,1,REPLACE_SOON
1800,29,10,15,3,512,0,1,1,REPLACE_SOON
575,6,1,2,0,313,1,3,2,HEALTHY
2500,41,14,17,1,231,0,1,1,REPLACE_SOON
503,5,2,3,1,64,0,2,3,MAINTENANCE_REQUIRED
382,7,0,2,0,90,1,4,3,HEALTHY
125,3,0,0,0,125,1,4,3,HEALTHY
100,0,0,0,0,100,1,4,3,HEALTHY
307,1,0,2,0,6,1,4,3,HEALTHY
429,12,1,1,0,49,0,3,3,HEALTHY
66,0,0,0,0,66,1,4,3,HEALTHY
150,1,1,0,0,150,1,4,3,HEALTHY
564,6,1,3,1,55,0,2,3,MAINTENANCE_REQUIRED
298,5,0,1,0,77,1,4,3,HEALTHY
89,0,0,0,1,89,1,4,3,HEALTHY
16,1,1,0,0,16,1,4,3,HEALTHY
523,7,2,7,1,22,0,2,3,MAINTENANCE_REQUIRED
1459,27,7,11,0,14,0,1,1,REPLACE_SOON
183,7,0,0,0,183,0,3,3,HEALTHY
480,11,2,2,0,34,1,3,3,HEALTHY
322,2,1,2,1,68,1,3,3,HEALTHY
361,7,0,2,1,21,1,4,3,HEALTHY
1619,24,3,7,2,387,0,1,2,REPLACE_SOON
724,15,0,4,1,35,0,3,3,HEALTHY
174,2,0,0,0,174,1,4,3,HEALTHY
194,1,0,0,0,194,1,4,3,HEALTHY
1337,20,1,3,0,74,0,2,3,MAINTENANCE_REQUIRED
688,6,4,8,0,19,0,2,3,MAINTENANCE_REQUIRED
197,1,0,0,0,197,1,4,3,HEALTHY
178,1,0,2,0,71,1,4,3,HEALTHY
1511,29,7,9,1,32,0,1,3,REPLACE_SOON
248,7,1,3,0,130,1,4,3,HEALTHY
910,14,3,5,0,188,0,2,3,MAINTENANCE_REQUIRED
201,2,1,0,0,201,1,4,3,HEALTHY
430,8,0,1,0,28,0,3,3,HEALTHY
462,6,1,2,0,22,1,4,3,HEALTHY
1278,18,6,8,0,73,0,1,1,REPLACE_SOON
830,11,2,4,0,4,0,2,3,MAINTENANCE_REQUIRED
224,2,1,1,0,103,1,4,3,HEALTHY
42,0,0,0,0,42,1,4,3,HEALTHY
623,13,1,3,0,16,1,4,3,HEALTHY
23,0,0,0,0,23,1,4,3,HEALTHY
113,1,0,0,0,113,1,4,3,HEALTHY
169,6,0,1,1,154,1,4,3,HEALTHY
404,3,1,1,0,86,1,4,3,HEALTHY
278,1,0,0,0,278,1,4,2,HEALTHY
367,6,1,3,0,211,0,3,3,HEALTHY
420,3,1,2,0,57,0,3,3,HEALTHY
238,4,1,1,0,99,1,4,3,HEALTHY
360,6,1,1,0,18,1,4,3,HEALTHY
1109,12,7,8,0,302,0,1,3,REPLACE_SOON
669,6,2,6,0,58,0,2,3,MAINTENANCE_REQUIRED
162,3,0,0,0,162,1,4,3,HEALTHY
176,0,0,1,0,71,1,4,3,HEALTHY
236,5,1,0,0,236,1,3,3,HEALTHY
18,0,0,0,0,18,1,4,3,HEALTHY
76,1,1,0,0,76,1,4,3,HEALTHY
80,0,0,0,0,80,1,4,3,HEALTHY
332,5,1,0,0,332,1,3,3,HEALTHY
97,0,0,0,0,97,0,4,3,HEALTHY
66,4,0,0,0,66,1,4,3,HEALTHY
908,15,7,8,2,25,0,1,3,REPLACE_SOON
160,5,1,1,0,149,1,4,3,HEALTHY
703,15,3,5,0,84,0,2,3,MAINTENANCE_REQUIRED
1129,9,3,4,1,23,0,1,1,MAINTENANCE_REQUIRED
1137,21,3,6,0,272,0,1,2,MAINTENANCE_REQUIRED
52,1,0,0,0,52,1,4,3,HEALTHY
826,14,4,7,0,7,0,2,3,MAINTENANCE_REQUIRED
204,3,0,1,0,0,1,4,3,HEALTHY
80,0,1,0,0,80,1,4,3,HEALTHY
93,0,1,0,0,93,1,4,3,HEALTHY
15,0,0,0,0,15,1,4,3,HEALTHY
291,3,0,1,0,291,1,4,3,HEALTHY
262,6,1,3,0,61,1,4,3,HEALTHY
857,17,3,3,1,128,1,2,3,MAINTENANCE_REQUIRED
117,0,0,0,0,117,1,4,3,HEALTHY
904,11,3,7,1,92,0,1,1,MAINTENANCE_REQUIRED
432,7,0,2,0,252,1,4,3,HEALTHY
365,3,0,3,0,54,0,3,3,HEALTHY
1304,20,3,5,2,12,0,1,1,MAINTENANCE_REQUIRED
1301,20,4,5,2,27,0,1,1,REPLACE_SOON
124,3,0,0,0,124,1,4,3,HEALTHY
42,1,1,0,0,42,1,4,3,HEALTHY
120,6,1,0,0,120,1,4,3,HEALTHY
134,4,0,0,0,134,1,4,3,HEALTHY
531,7,1,3,0,8,1,4,3,HEALTHY
825,15,3,3,0,24,0,2,3,MAINTENANCE_REQUIRED
337,8,1,1,0,6,1,4,3,HEALTHY
303,6,0,4,0,27,1,4,3,HEALTHY
76,1,1,0,0,76,1,4,3,HEALTHY
830,9,1,2,0,470,0,2,3,MAINTENANCE_REQUIRED
1034,22,7,8,0,24,0,1,1,REPLACE_SOON
203,4,0,1,0,5,1,4,3,HEALTHY
187,3,0,2,0,37,1,4,3,HEALTHY
599,10,3,6,0,182,1,2,3,MAINTENANCE_REQUIRED
746,11,3,5,0,63,0,2,3,MAINTENANCE_REQUIRED
86,2,1,0,0,86,1,4,3,HEALTHY
83,2,1,0,0,83,1,4,3,HEALTHY
61,2,0,0,0,61,1,4,3,HEALTHY
566,11,1,4,0,48,1,4,3,HEALTHY
464,7,2,3,0,69,1,3,3,HEALTHY
374,8,0,1,0,40,1,4,3,HEALTHY
1086,20,2,4,0,242,0,2,3,MAINTENANCE_REQUIRED
565,6,0,1,0,7,0,3,3,HEALTHY
359,3,1,5,0,25,1,4,3,HEALTHY
502,10,1,5,1,9,1,3,3,HEALTHY
343,5,0,1,0,5,1,4,3,HEALTHY
83,0,0,0,0,83,1,4,3,HEALTHY
891,22,7,9,1,206,0,1,1,REPLACE_SOON
911,10,4,4,0,10,1,2,3,MAINTENANCE_REQUIRED
614,9,1,4,0,112,1,3,3,HEALTHY
470,2,0,2,1,14,0,3,3,HEALTHY
407,2,2,5,0,200,1,3,3,HEALTHY
855,14,1,5,1,118,0,2,3,MAINTENANCE_REQUIRED
1379,14,8,13,2,72,0,1,1,REPLACE_SOON
50,0,0,0,0,50,1,4,3,HEALTHY
1792,40,7,11,0,139,0,1,1,REPLACE_SOON
660,16,2,7,0,42,0,2,3,MAINTENANCE_REQUIRED
747,11,1,5,0,104,0,3,3,HEALTHY
378,6,0,1,0,182,0,3,3,HEALTHY
553,5,2,5,0,43,1,3,3,HEALTHY
332,7,1,1,0,102,1,4,3,HEALTHY
35,0,1,0,0,35,0,3,3,HEALTHY
47,1,1,0,0,47,1,4,3,HEALTHY
88,1,0,0,0,88,1,4,3,HEALTHY
312,6,0,1,0,22,1,4,3,HEALTHY
193,2,0,0,0,193,0,3,3,HEALTHY
937,15,6,8,1,79,0,1,3,MAINTENANCE_REQUIRED
983,16,1,3,0,8,1,3,3,HEALTHY
328,5,0,2,0,39,1,4,3,HEALTHY
367,9,1,2,0,20,1,4,3,HEALTHY
625,8,4,4,0,41,1,2,3,MAINTENANCE_REQUIRED
147,0,0,0,0,147,1,4,3,HEALTHY
206,5,0,1,2,66,0,2,3,HEALTHY
298,1,0,1,0,45,1,4,3,HEALTHY
278,5,0,0,0,278,1,4,2,HEALTHY
708,6,0,5,0,119,0,3,3,HEALTHY
376,9,0,2,0,134,0,3,3,HEALTHY
385,9,4,4,0,54,0,2,3,MAINTENANCE_REQUIRED
83,1,1,0,0,83,1,4,3,HEALTHY
82,1,0,0,0,82,1,4,3,HEALTHY
117,1,1,0,0,117,1,4,3,HEALTHY
50,1,0,0,0,50,1,4,3,HEALTHY
244,2,1,2,0,17,1,4,3,HEALTHY
58,0,0,0,0,58,1,4,3,HEALTHY
512,7,0,1,0,3,0,3,3,HEALTHY
233,6,1,0,0,233,1,3,3,HEALTHY
185,3,1,1,1,185,1,3,3,HEALTHY
215,3,0,0,0,215,1,4,3,HEALTHY
215,2,0,2,0,87,0,4,3,HEALTHY
164,3,0,1,0,8,1,4,3,HEALTHY
34,0,1,0,0,34,1,4,3,HEALTHY
271,9,0,0,0,271,1,4,3,HEALTHY
248,3,2,2,0,168,1,3,3,HEALTHY
59,2,0,0,0,59,1,4,3,HEALTHY
67,1,1,0,0,67,1,4,3,HEALTHY
431,6,0,1,0,146,1,4,3,HEALTHY
29,0,1,0,0,29,1,4,3,HEALTHY
708,9,0,2,0,105,1,4,3,HEALTHY
130,5,0,0,0,130,1,4,3,HEALTHY
1393,18,6,9,3,93,0,1,1,REPLACE_SOON
884,22,3,4,0,92,0,2,3,MAINTENANCE_REQUIRED
1872,38,10,16,3,199,0,1,3,REPLACE_SOON
216,2,0,1,0,148,1,4,3,HEALTHY
574,9,1,6,0,149,0,3,3,HEALTHY
99,2,0,0,0,99,1,4,3,HEALTHY
123,0,0,0,0,123,0,3,3,HEALTHY
288,6,0,1,0,227,1,4,3,HEALTHY
51,2,0,0,0,51,1,4,3,HEALTHY
725,9,1,3,0,0,1,4,3,HEALTHY
53,1,1,0,0,53,0,3,3,HEALTHY
277,3,1,0,0,277,1,3,2,HEALTHY
227,5,0,1,0,24,1,4,3,HEALTHY
2418,42,7,9,4,41,0,1,1,REPLACE_SOON
165,4,1,3,0,10,1,4,3,HEALTHY
96,2,0,0,0,96,1,4,3,HEALTHY
989,11,3,4,0,176,0,2,3,MAINTENANCE_REQUIRED
923,19,3,3,0,75,0,2,3,MAINTENANCE_REQUIRED
676,14,2,5,0,2,1,3,3,HEALTHY
380,3,0,2,0,222,1,4,3,HEALTHY
102,1,1,0,0,102,1,4,3,HEALTHY
279,7,0,2,0,14,1,4,3,HEALTHY
18,0,0,0,0,18,1,4,3,HEALTHY
360,4,0,3,0,146,1,4,3,HEALTHY
45,1,1,0,0,45,1,4,3,HEALTHY
670,11,3,8,0,25,1,3,3,HEALTHY
615,14,4,9,0,3,1,3,3,HEALTHY
520,7,1,4,1,15,1,3,3,HEALTHY
348,3,0,0,0,348,1,3,3,HEALTHY
145,1,1,0,0,145,1,4,3,HEALTHY
413,9,0,2,0,60,1,4,3,HEALTHY
549,8,2,2,1,80,0,2,3,MAINTENANCE_REQUIRED
302,3,2,3,0,154,1,3,3,HEALTHY
423,7,1,2,0,10,0,3,3,HEALTHY
308,3,1,4,0,48,1,4,3,HEALTHY
2176,43,10,14,3,23,0,1,1,REPLACE_SOON
158,0,0,0,0,158,1,4,3,HEALTHY
15,0,0,0,0,15,0,4,3,HEALTHY
1017,12,3,3,1,3,0,2,3,MAINTENANCE_REQUIRED
421,3,0,1,0,2,0,4,3,HEALTHY
157,4,1,0,0,157,1,4,3,HEALTHY
1809,31,9,12,1,3,0,1,3,REPLACE_SOON
320,5,0,2,0,18,1,4,3,HEALTHY
219,3,0,0,0,219,1,4,3,HEALTHY
338,7,1,2,1,91,1,3,3,HEALTHY
107,3,0,0,0,107,1,4,3,HEALTHY
245,5,0,0,0,245,1,4,3,HEALTHY
964,18,6,6,0,7,1,2,3,MAINTENANCE_REQUIRED
163,1,1,1,0,16,1,4,3,HEALTHY
557,3,0,0,0,557,0,2,2,MAINTENANCE_REQUIRED
2423,35,9,13,0,648,0,1,1,REPLACE_SOON
236,2,0,0,0,236,1,4,3,HEALTHY
125,2,0,0,0,125,1,4,3,HEALTHY
598,15,0,1,0,44,0,3,3,HEALTHY
93,0,0,0,0,93,1,4,3,HEALTHY
163,1,1,0,0,163,1,4,3,HEALTHY
443,7,1,2,0,62,0,3,3,HEALTHY
15,2,0,0,0,15,1,4,3,HEALTHY
466,7,1,4,0,12,1,4,3,HEALTHY
264,4,0,0,0,264,1,4,3,HEALTHY
2482,36,4,6,1,51,0,1,3,REPLACE_SOON
233,4,0,2,1,12,1,4,3,HEALTHY
1070,13,3,4,0,16,0,2,3,MAINTENANCE_REQUIRED
205,2,0,2,0,7,1,4,3,HEALTHY
1391,24,4,6,0,25,0,1,1,MAINTENANCE_REQUIRED
152,0,0,1,0,5,1,4,3,HEALTHY
310,5,2,5,0,61,1,3,3,HEALTHY
1914,34,11,14,1,69,0,1,1,REPLACE_SOON
731,11,1,4,0,64,0,3,3,HEALTHY
452,10,1,3,0,25,0,3,3,HEALTHY
125,0,1,0,0,125,0,3,3,HEALTHY
26,3,1,0,0,26,1,4,3,HEALTHY
2179,37,9,12,1,181,0,1,1,REPLACE_SOON
96,0,0,0,0,96,1,4,3,HEALTHY
330,3,0,3,0,81,1,4,3,HEALTHY
35,2,0,0,0,35,0,4,3,HEALTHY
389,5,1,3,0,286,0,2,2,MAINTENANCE_REQUIRED
2161,37,5,11,0,138,0,1,3,REPLACE_SOON
825,19,4,5,0,134,0,2,3,MAINTENANCE_REQUIRED
231,2,2,5,0,33,1,4,3,HEALTHY
527,7,1,5,0,96,0,3,3,HEALTHY
264,5,0,1,0,37,1,4,3,HEALTHY
366,4,0,1,0,215,1,4,3,HEALTHY
50,0,0,0,0,50,0,4,3,HEALTHY
112,2,0,0,0,112,1,4,3,HEALTHY
256,2,0,1,0,88,1,4,3,HEALTHY
461,8,0,6,0,163,0,3,3,HEALTHY
497,5,1,3,0,3,1,4,3,HEALTHY
287,8,1,2,0,80,0,3,3,HEALTHY
134,4,0,0,0,134,1,4,3,HEALTHY
464,4,0,3,0,283,0,3,3,HEALTHY
584,7,1,4,1,73,1,3,3,HEALTHY
73,0,1,0,0,73,1,4,3,HEALTHY
1494,27,3,5,0,65,0,2,3,MAINTENANCE_REQUIRED
718,7,2,3,0,17,0,2,3,MAINTENANCE_REQUIRED
422,4,3,3,0,60,1,3,3,HEALTHY
65,1,1,0,0,65,1,4,3,HEALTHY
144,2,0,0,0,144,1,4,3,HEALTHY
513,8,0,1,0,108,1,4,3,HEALTHY
1574,27,5,6,2,78,0,1,3,REPLACE_SOON
70,3,0,0,0,70,1,4,3,HEALTHY
299,3,0,0,0,299,1,4,3,HEALTHY
131,1,0,0,0,131,1,4,3,HEALTHY
250,6,1,1,0,20,1,4,3,HEALTHY
297,6,0,1,0,13,1,4,3,HEALTHY
496,6,0,1,0,196,0,3,3,HEALTHY
100,0,1,0,0,100,1,4,3,HEALTHY
511,10,0,3,0,8,1,4,3,HEALTHY
107,1,1,0,0,107,0,3,3,HEALTHY
275,4,0,1,0,105,0,3,3,HEALTHY
156,2,1,0,0,156,0,3,3,HEALTHY
82,1,1,0,0,82,1,4,3,HEALTHY
188,5,0,1,0,106,1,4,3,HEALTHY
2500,39,9,12,5,125,0,1,1,REPLACE_SOON
1053,15,5,6,1,303,0,1,2,REPLACE_SOON
607,6,1,7,0,15,0,3,3,HEALTHY
557,6,1,5,0,146,1,3,3,HEALTHY
839,13,4,7,1,22,0,1,1,MAINTENANCE_REQUIRED
63,0,0,0,0,63,0,4,3,HEALTHY
397,6,1,4,0,227,1,3,3,HEALTHY
1235,20,13,17,2,160,0,1,1,REPLACE_SOON
235,1,0,0,0,235,1,4,3,HEALTHY
844,16,3,4,0,55,0,2,3,MAINTENANCE_REQUIRED
198,2,0,2,0,92,0,4,3,HEALTHY
881,15,3,4,0,38,0,2,3,MAINTENANCE_REQUIRED
488,9,0,2,0,252,0,3,2,HEALTHY
280,4,1,0,0,280,0,3,3,HEALTHY
829,12,4,5,0,136,0,2,3,MAINTENANCE_REQUIRED
1744,41,7,12,2,21,0,1,3,REPLACE_SOON
504,6,3,5,0,54,1,3,3,HEALTHY
368,1,1,1,0,39,1,4,3,HEALTHY
38,2,1,0,0,38,1,4,3,HEALTHY
401,7,1,3,0,29,0,3,3,HEALTHY
865,16,4,4,1,267,0,1,2,MAINTENANCE_REQUIRED
430,9,1,4,0,3,0,3,3,HEALTHY
102,0,0,0,0,102,1,4,3,HEALTHY
628,13,0,3,1,28,0,3,3,HEALTHY
1341,20,6,9,3,39,0,1,3,REPLACE_SOON
177,3,0,1,0,37,1,4,3,HEALTHY
161,2,0,0,0,161,1,4,3,HEALTHY
207,4,0,0,0,207,1,4,3,HEALTHY
532,9,2,4,0,38,1,3,3,HEALTHY
974,21,6,8,0,37,0,1,1,MAINTENANCE_REQUIRED
200,3,0,0,0,200,1,4,3,HEALTHY
95,2,0,0,0,95,1,4,3,HEALTHY
473,13,0,3,0,38,0,3,3,HEALTHY
139,0,0,0,0,139,1,4,3,HEALTHY
922,14,3,6,0,65,1,3,3,HEALTHY
42,2,0,0,0,42,0,4,3,HEALTHY
757,10,0,3,0,220,1,3,3,HEALTHY
2500,49,14,15,2,15,0,1,3,REPLACE_SOON
89,5,0,0,0,89,1,4,3,HEALTHY
610,12,1,5,0,71,1,4,3,HEALTHY
480,9,1,5,0,50,0,3,3,HEALTHY
535,14,1,4,0,13,1,4,3,HEALTHY
880,14,4,7,1,148,0,1,1,MAINTENANCE_REQUIRED
1708,28,6,12,0,104,0,1,1,REPLACE_SOON
357,5,1,1,0,178,1,4,3,HEALTHY
237,3,1,2,1,61,1,3,3,HEALTHY
188,5,1,2,0,7,0,3,3,HEALTHY
409,13,3,4,0,31,0,2,3,MAINTENANCE_REQUIRED
850,12,2,2,2,36,0,1,1,MAINTENANCE_REQUIRED
211,2,0,0,0,211,1,4,3,HEALTHY
410,5,0,5,0,258,0,3,2,HEALTHY
538,8,1,3,0,74,1,4,3,HEALTHY
62,1,0,0,0,62,1,4,3,HEALTHY
1076,12,5,8,1,53,1,1,1,MAINTENANCE_REQUIRED
22,1,0,0,0,22,1,4,3,HEALTHY
564,5,1,3,0,156,0,3,3,MAINTENANCE_REQUIRED
321,5,0,2,0,46,1,4,3,HEALTHY
865,11,1,3,0,19,1,3,3,HEALTHY
581,4,0,4,1,6,0,3,3,HEALTHY
97,0,1,0,0,97,1,4,3,HEALTHY
102,0,0,0,0,102,1,4,3,HEALTHY
285,3,0,0,0,285,1,4,3,HEALTHY
681,9,3,5,0,76,0,2,3,MAINTENANCE_REQUIRED
494,9,2,5,0,284,1,3,3,HEALTHY
437,6,0,3,0,176,0,3,3,HEALTHY
579,5,0,2,0,4,0,3,3,HEALTHY
598,9,1,1,0,40,1,4,3,HEALTHY
37,3,0,0,0,37,1,4,3,HEALTHY
477,5,1,1,0,139,1,4,3,HEALTHY
82,1,1,0,0,82,1,4,3,HEALTHY
63,0,1,0,0,63,1,4,3,HEALTHY
695,11,2,7,0,77,0,2,3,MAINTENANCE_REQUIRED
46,0,0,0,0,46,1,4,3,HEALTHY
1306,24,6,8,2,35,0,1,3,REPLACE_SOON
396,5,1,0,0,396,1,3,3,HEALTHY
1761,29,8,14,4,118,0,1,3,REPLACE_SOON
414,8,0,2,0,289,1,4,2,HEALTHY
1293,17,6,9,0,258,0,1,3,REPLACE_SOON
270,2,0,1,0,4,1,4,3,HEALTHY
526,10,1,1,0,50,0,3,3,MAINTENANCE_REQUIRED
446,5,1,1,0,0,0,3,3,HEALTHY
441,10,0,0,0,441,1,3,2,HEALTHY
775,14,4,6,0,102,0,2,3,MAINTENANCE_REQUIRED
471,7,1,3,0,48,0,3,3,HEALTHY
281,6,1,2,0,9,1,4,3,HEALTHY
539,11,2,4,0,39,0,3,3,HEALTHY
591,7,1,6,0,6,0,3,3,HEALTHY
567,11,0,2,0,77,0,3,3,HEALTHY
505,6,0,0,0,505,1,3,2,HEALTHY
369,6,0,2,0,60,1,4,3,HEALTHY
211,4,1,1,0,0,1,4,3,HEALTHY
254,2,0,2,0,12,0,4,3,HEALTHY
23,1,0,0,0,23,1,4,3,HEALTHY
47,2,1,0,0,47,1,4,3,HEALTHY
135,3,0,0,0,135,1,4,3,HEALTHY
105,1,1,0,0,105,1,4,3,HEALTHY
417,6,1,3,0,81,0,3,3,HEALTHY
497,13,0,4,0,16,1,4,3,HEALTHY
288,1,0,2,0,46,1,4,3,HEALTHY
1732,16,12,12,0,74,0,1,1,REPLACE_SOON
515,12,1,1,0,221,0,3,3,MAINTENANCE_REQUIRED
207,2,1,3,0,90,1,4,3,HEALTHY
474,6,0,0,0,474,0,2,3,MAINTENANCE_REQUIRED
311,2,1,2,0,5,1,4,3,HEALTHY
182,4,0,2,0,128,1,4,3,HEALTHY
185,1,0,1,0,3,1,4,3,HEALTHY
65,0,1,0,0,65,1,4,3,HEALTHY
182,0,0,3,1,41,1,4,3,HEALTHY
24,2,0,0,0,24,1,4,3,HEALTHY
675,15,1,4,1,87,0,2,3,MAINTENANCE_REQUIRED
2500,41,11,14,2,21,0,1,1,REPLACE_SOON
357,9,2,4,0,93,1,3,3,HEALTHY
229,0,1,0,0,229,1,3,3,HEALTHY
883,21,3,3,1,33,0,2,3,MAINTENANCE_REQUIRED
412,5,0,1,0,11,0,4,3,HEALTHY
244,8,0,1,0,44,1,4,3,HEALTHY
343,8,0,1,0,224,0,3,3,HEALTHY
701,10,2,6,0,45,0,2,3,MAINTENANCE_REQUIRED
800,17,4,5,0,52,0,2,3,MAINTENANCE_REQUIRED
422,7,0,2,0,3,1,4,3,HEALTHY
747,10,0,4,0,12,1,4,3,HEALTHY
865,15,4,4,2,249,0,1,3,REPLACE_SOON
1086,13,7,8,0,67,0,1,1,MAINTENANCE_REQUIRED
640,16,2,7,0,108,1,3,3,HEALTHY
44,3,1,0,0,44,1,4,3,HEALTHY
93,2,0,0,0,93,1,4,3,HEALTHY
133,2,1,0,0,133,1,4,3,HEALTHY
665,11,0,2,0,70,0,3,3,HEALTHY
91,0,1,0,0,91,1,4,3,HEALTHY
339,2,1,3,0,5,1,4,3,HEALTHY
133,0,0,0,0,133,1,4,3,HEALTHY
179,3,0,0,0,179,1,4,3,HEALTHY
429,7,0,1,0,14,0,4,3,HEALTHY
177,3,1,1,0,27,1,4,3,HEALTHY
1165,19,5,9,0,25,0,1,1,REPLACE_SOON
663,9,1,5,0,54,0,3,3,HEALTHY
23,2,0,0,0,23,1,4,3,HEALTHY
872,17,3,6,1,34,1,2,3,HEALTHY
42,1,1,0,0,42,1,4,3,HEALTHY
213,0,1,3,0,72,1,4,3,HEALTHY
114,1,0,0,0,114,1,4,3,HEALTHY
257,3,1,0,0,257,1,3,2,HEALTHY
440,3,0,1,0,289,0,3,2,HEALTHY
399,12,1,2,0,143,0,3,3,HEALTHY
1046,21,7,10,0,40,0,1,1,REPLACE_SOON
866,14,1,1,0,32,0,3,3,HEALTHY
301,6,1,1,0,25,1,4,3,HEALTHY
651,9,1,5,0,2,0,3,3,HEALTHY
1445,19,4,6,1,134,0,1,1,REPLACE_SOON
878,21,6,7,0,2,0,1,1,REPLACE_SOON
204,1,0,0,0,204,1,4,3,HEALTHY
1106,12,11,14,0,26,0,1,3,REPLACE_SOON
222,1,1,1,0,111,0,3,3,HEALTHY
1101,22,6,7,0,181,0,1,3,REPLACE_SOON
867,16,3,4,0,238,0,2,3,MAINTENANCE_REQUIRED
1446,27,4,8,0,198,0,1,1,REPLACE_SOON
41,1,0,0,0,41,0,4,3,HEALTHY
248,4,0,0,0,248,1,4,3,HEALTHY
175,2,1,3,0,102,1,4,3,HEALTHY
244,5,0,0,0,244,1,4,3,HEALTHY
338,4,1,4,0,57,1,4,3,HEALTHY
179,2,2,3,0,16,1,4,3,HEALTHY
103,0,1,0,0,103,1,4,3,HEALTHY
258,3,0,1,0,191,0,3,3,HEALTHY
29,1,0,0,0,29,1,4,3,HEALTHY
531,9,0,3,0,67,1,4,3,HEALTHY
1520,20,8,10,3,46,0,1,3,REPLACE_SOON
52,1,1,0,0,52,1,4,3,HEALTHY
814,11,5,5,0,141,0,1,3,MAINTENANCE_REQUIRED
125,2,0,0,0,125,1,4,3,HEALTHY
517,8,0,4,0,2,1,4,3,HEALTHY
532,9,1,2,0,245,1,3,3,HEALTHY
933,12,3,5,0,21,0,2,3,MAINTENANCE_REQUIRED
214,0,1,1,0,141,1,4,3,HEALTHY
82,0,0,0,0,82,1,4,3,HEALTHY
791,19,0,2,0,29,0,3,3,HEALTHY
501,10,1,4,0,82,0,3,3,HEALTHY
418,6,0,1,0,13,0,4,3,HEALTHY
405,9,0,1,0,168,1,4,3,HEALTHY
98,0,0,0,0,98,1,4,3,HEALTHY
